"product_handle";"product_url";"brand";"product_name";"primary_keyword";"position";"type";"question";"answer"
"lichaamsverzorging";"https://smartsgadgets.eu/products/lichaamsverzorging";"DEKI";"DEKI LUMA IPL-ontharingsapparaat";"ipl ontharingsapparaat";"1";"uniek";"Wat is de DEKI LUMA en hoe werkt IPL-ontharing thuis?";"De DEKI LUMA is een IPL-ontharingsapparaat voor gebruik thuis. IPL staat voor Intense Pulsed Light: het apparaat geeft lichtflitsen af die door het pigment in je haar worden opgenomen. Het haarzakje gaat daardoor in rust, waardoor de haargroei bij regelmatig gebruik kan afnemen. In de volksmond heet dit vaak 'laserontharing thuis', maar technisch werkt de DEKI LUMA met IPL."
"lichaamsverzorging";"https://smartsgadgets.eu/products/lichaamsverzorging";"DEKI";"DEKI LUMA IPL-ontharingsapparaat";"ipl ontharingsapparaat";"2";"uniek";"Op welke lichaamsdelen kan ik de DEKI LUMA gebruiken?";"Je gebruikt de DEKI LUMA op benen, armen, oksels, bikinilijn en gezicht. Gebruik een IPL-apparaat niet op lippen, tepels, geslachtsdelen, oren, piercings, moedervlekken of tatoeages. Volgens onze productomschrijving zijn een beschermbril en een scheermes meegeleverd: scheer het gebied vooraf en draag de bril tijdens de behandeling."
"lichaamsverzorging";"https://smartsgadgets.eu/products/lichaamsverzorging";"DEKI";"DEKI LUMA IPL-ontharingsapparaat";"ipl ontharingsapparaat";"3";"uniek";"Hoe vaak moet ik IPL gebruiken en wanneer zie ik resultaat?";"Als richtlijn start je met een reeks behandelingen, meestal wekelijks of om de week, en bouw je daarna af naar onderhoud om de paar weken. Resultaat verschilt per persoon, haartype en lichaamsdeel. Volg altijd het schema in de handleiding van de DEKI LUMA en verwacht geen directe verandering na één sessie."
"lichaamsverzorging";"https://smartsgadgets.eu/products/lichaamsverzorging";"DEKI";"DEKI LUMA IPL-ontharingsapparaat";"ipl ontharingsapparaat";"4";"uniek";"Voor welke haar- en huidskleur is een IPL-apparaat geschikt?";"IPL werkt het best als er duidelijk contrast is tussen haar en huid, bijvoorbeeld donker haar op een lichtere huid. Bij wit, grijs, lichtblond of rood haar is het effect meestal beperkt, omdat er weinig pigment is om licht op te nemen. Bij een donkere huid is extra voorzichtigheid nodig. Doe altijd eerst een testflits en raadpleeg bij twijfel je huisarts of een dermatoloog."
"lichaamsverzorging";"https://smartsgadgets.eu/products/lichaamsverzorging";"DEKI";"DEKI LUMA IPL-ontharingsapparaat";"ipl ontharingsapparaat";"5";"uniek";"Wat is het verschil tussen de automatische glijmodus en de handmatige precisiemodus?";"In de automatische glijmodus beweeg je het apparaat over grotere gebieden zoals benen en armen, waarbij het apparaat zelf de flitsen afgeeft. De handmatige precisiemodus gebruik je voor kleinere, lastige zones zoals bikinilijn, oksels en gezicht. De DEKI LUMA heeft 5 intensiteitsniveaus: begin laag en verhoog stap voor stap naar wat voor jou comfortabel is."
"lichaamsverzorging";"https://smartsgadgets.eu/products/lichaamsverzorging";"DEKI";"DEKI LUMA IPL-ontharingsapparaat";"ipl ontharingsapparaat";"6";"uniek";"Is IPL-ontharing veilig en pijnlijk? En wanneer gebruik ik de DEKI LUMA niet?";"De meeste mensen ervaren IPL als een warm, tintelend gevoel; kies bij gevoelige huid een lagere stand. Gebruik de DEKI LUMA niet op beschadigde of geïrriteerde huid, vlak na zonnen of zelfbruiners, tijdens zwangerschap of als je lichtgevoelige medicijnen gebruikt of een huidaandoening hebt. Lees vooraf de veiligheidsinstructies en vraag bij twijfel advies aan een arts."
"lichaamsverzorging";"https://smartsgadgets.eu/products/lichaamsverzorging";"DEKI";"DEKI LUMA IPL-ontharingsapparaat";"ipl ontharingsapparaat";"7";"uniek";"Hoeveel flitsen heeft de DEKI LUMA en kan ik hem mee op reis nemen?";"De DEKI LUMA is geschikt voor maximaal 999.999 lichtflitsen, genoeg voor een lange periode van gebruik voor meerdere lichaamsdelen. Het apparaat is compact en daardoor makkelijk te bewaren of mee te nemen op reis. Zo behandel je thuis, in je eigen tempo, zonder afspraak in een salon."
"lichaamsverzorging";"https://smartsgadgets.eu/products/lichaamsverzorging";"DEKI";"DEKI LUMA IPL-ontharingsapparaat";"ipl ontharingsapparaat";"8";"standaard";"Hoe snel kan ik de DEKI LUMA bezorgd krijgen en kan ik hem retourneren?";"Wij leveren in Nederland en België. Bestel je op werkdagen vóór 17:00 uur, dan verwerken we je bestelling dezelfde dag en ontvang je de DEKI LUMA meestal binnen 1 tot 3 werkdagen, met track-and-trace. Na ontvangst heb je 14 dagen bedenktijd (wettelijk herroepingsrecht). Je hebt recht op wettelijke garantie. Mail bij vragen of een defect naar info@smartsgadgets.eu of bel/app +31 (0)85 250 0837; we reageren binnen 1 werkdag."
"dji-drone-mini-5-pro-fly-more-combo-rc-2-cameras-and-video-recording-kit";"https://smartsgadgets.eu/products/dji-drone-mini-5-pro-fly-more-combo-rc-2-cameras-and-video-recording-kit";"DJI";"DJI Mini 5 Pro Fly More Combo met RC 2";"dji mini 5 pro fly more combo";"1";"uniek";"Wat zit er in de DJI Mini 5 Pro Fly More Combo met RC 2?";"De DJI Mini 5 Pro Fly More Combo bevat de drone, de DJI RC 2-afstandsbediening met 5,5 inch touchscreen, 3 accu's, een oplaadhub, ND-filters en een schoudertas. Dankzij de extra accu's en de hub vlieg je langer achter elkaar. Je hebt geen aparte smartphone nodig: het scherm zit in de RC 2."
"dji-drone-mini-5-pro-fly-more-combo-rc-2-cameras-and-video-recording-kit";"https://smartsgadgets.eu/products/dji-drone-mini-5-pro-fly-more-combo-rc-2-cameras-and-video-recording-kit";"DJI";"DJI Mini 5 Pro Fly More Combo met RC 2";"dji mini 5 pro fly more combo";"2";"uniek";"Hoeveel weegt de DJI Mini 5 Pro en mag ik zonder vergunning vliegen?";"De DJI Mini 5 Pro weegt minder dan 249 gram. In Nederland heb je met een drone onder 250 gram met camera geen drone-brevet nodig, maar je moet je wel registreren als exploitant bij de RDW en het exploitantnummer op de drone aanbrengen. Vlieg maximaal 120 meter hoog, niet boven mensenmenigtes en houd de drone altijd in zicht. Controleer vooraf no-fly zones. Regels kunnen wijzigen: check Rijksoverheid.nl voor de actuele situatie."
"dji-drone-mini-5-pro-fly-more-combo-rc-2-cameras-and-video-recording-kit";"https://smartsgadgets.eu/products/dji-drone-mini-5-pro-fly-more-combo-rc-2-cameras-and-video-recording-kit";"DJI";"DJI Mini 5 Pro Fly More Combo met RC 2";"dji mini 5 pro fly more combo";"3";"uniek";"Wat voor camera heeft de DJI Mini 5 Pro en hoe goed is de beeldkwaliteit?";"De DJI Mini 5 Pro heeft een 1-inch CMOS-sensor met 50 MP foto's en filmt in 4K HDR tot 60 fps. Voor slow motion filmt hij in 4K tot 120 fps. Met 10-bit D-Log M en HLG heb je veel ruimte voor kleurcorrectie, en met True Vertical Shooting maak je zonder bewerken verticale video's voor Instagram, TikTok en YouTube Shorts."
"dji-drone-mini-5-pro-fly-more-combo-rc-2-cameras-and-video-recording-kit";"https://smartsgadgets.eu/products/dji-drone-mini-5-pro-fly-more-combo-rc-2-cameras-and-video-recording-kit";"DJI";"DJI Mini 5 Pro Fly More Combo met RC 2";"dji mini 5 pro fly more combo";"4";"uniek";"Hoe lang kan de DJI Mini 5 Pro vliegen en wat is het bereik?";"De DJI Mini 5 Pro haalt tot 36 minuten vliegtijd per accu onder ideale omstandigheden. De videotransmissie (O4+) kan tot 20 km overbruggen, maar in de praktijk bepalen omgeving, wind en wetgeving je bereik. In Nederland moet je de drone altijd in het zicht houden. Met 3 accu's in de Fly More Combo heb je dus ruim voldoende vliegtijd voor een hele opnamedag."
"dji-drone-mini-5-pro-fly-more-combo-rc-2-cameras-and-video-recording-kit";"https://smartsgadgets.eu/products/dji-drone-mini-5-pro-fly-more-combo-rc-2-cameras-and-video-recording-kit";"DJI";"DJI Mini 5 Pro Fly More Combo met RC 2";"dji mini 5 pro fly more combo";"5";"uniek";"Heeft de DJI Mini 5 Pro obstakelherkenning en automatisch volgen?";"Ja. De DJI Mini 5 Pro heeft LiDAR-obstakelherkenning en ActiveTrack 360° om een onderwerp automatisch te volgen. Obstakelherkenning is een hulpmiddel en vervangt nooit je eigen oplettendheid: blijf zelf kijken waar de drone vliegt, zeker bij smalle doorgangen of weinig licht."
"dji-drone-mini-5-pro-fly-more-combo-rc-2-cameras-and-video-recording-kit";"https://smartsgadgets.eu/products/dji-drone-mini-5-pro-fly-more-combo-rc-2-cameras-and-video-recording-kit";"DJI";"DJI Mini 5 Pro Fly More Combo met RC 2";"dji mini 5 pro fly more combo";"6";"uniek";"Voor wie is de DJI Mini 5 Pro geschikt: beginner of content creator?";"De DJI Mini 5 Pro is geschikt voor beginners én gevorderde content creators. Beginners profiteren van de vliegassistentie en de gratis digitale dronecursus uit onze productomschrijving, creators van de 1-inch sensor en 10-bit-kleurprofielen. Zoek je een goedkopere instap met vouwbaar ontwerp? Bekijk dan de DJI Flip of de compacte DJI Neo 2."
"dji-drone-mini-5-pro-fly-more-combo-rc-2-cameras-and-video-recording-kit";"https://smartsgadgets.eu/products/dji-drone-mini-5-pro-fly-more-combo-rc-2-cameras-and-video-recording-kit";"DJI";"DJI Mini 5 Pro Fly More Combo met RC 2";"dji mini 5 pro fly more combo";"7";"uniek";"Welke garantie en service krijg ik bij de DJI Mini 5 Pro?";"In onze productomschrijving vermelden we 2 jaar garantie op de DJI Mini 5 Pro, bovenop je wettelijke rechten als consument. Heb je een vraag of defect? Mail info@smartsgadgets.eu of bel/app +31 (0)85 250 0837; we reageren binnen 1 werkdag."
"dji-drone-mini-5-pro-fly-more-combo-rc-2-cameras-and-video-recording-kit";"https://smartsgadgets.eu/products/dji-drone-mini-5-pro-fly-more-combo-rc-2-cameras-and-video-recording-kit";"DJI";"DJI Mini 5 Pro Fly More Combo met RC 2";"dji mini 5 pro fly more combo";"8";"standaard";"Hoe snel kan ik de DJI Mini 5 Pro bezorgd krijgen en kan ik hem retourneren?";"Wij leveren in Nederland en België. Bestel je op werkdagen vóór 17:00 uur, dan verwerken we je bestelling dezelfde dag en ontvang je de DJI Mini 5 Pro meestal binnen 1 tot 3 werkdagen, met track-and-trace. Na ontvangst heb je 14 dagen bedenktijd (wettelijk herroepingsrecht). Je hebt recht op wettelijke garantie. Mail bij vragen of een defect naar info@smartsgadgets.eu of bel/app +31 (0)85 250 0837; we reageren binnen 1 werkdag."
"dji-flip-smart-controller-dji-rc331-controller";"https://smartsgadgets.eu/products/dji-flip-smart-controller-dji-rc331-controller";"DJI";"DJI Flip opvouwbare drone met 4K HDR-camera en AI-volgfunctie";"dji flip drone";"1";"uniek";"Wat is de DJI Flip en voor wie is deze opvouwbare drone gemaakt?";"De DJI Flip is een opvouwbare camera-drone met 4K HDR-video, AI-onderwerpvolging en inklapbare propellerbeschermers. Hij is bedoeld voor vloggers, reizigers en beginnende drone-piloten die eenvoudig mooie beelden willen maken. De beschermers maken hem veiliger rond mensen en objecten, en de drone past dankzij het vouwontwerp makkelijk in een tas."
"dji-flip-smart-controller-dji-rc331-controller";"https://smartsgadgets.eu/products/dji-flip-smart-controller-dji-rc331-controller";"DJI";"DJI Flip opvouwbare drone met 4K HDR-camera en AI-volgfunctie";"dji flip drone";"2";"uniek";"Wat voor camera heeft de DJI Flip?";"De DJI Flip heeft een 1/1,3 inch CMOS-sensor met 48 MP foto's. Hij filmt in 4K HDR tot 60 fps, in 4K slow motion tot 100 fps en in 2,7K verticaal voor social media. Met 10-bit D-Log M heb je ruimte om kleuren later naar eigen smaak aan te passen."
"dji-flip-smart-controller-dji-rc331-controller";"https://smartsgadgets.eu/products/dji-flip-smart-controller-dji-rc331-controller";"DJI";"DJI Flip opvouwbare drone met 4K HDR-camera en AI-volgfunctie";"dji flip drone";"3";"uniek";"Welke vliegtijd en welk bereik heeft de DJI Flip?";"De DJI Flip vliegt tot 31 minuten per accu onder ideale omstandigheden. Het videobereik is tot 10 km, maar in Nederland moet je de drone altijd in het zicht houden. De werkelijke vliegtijd hangt af van wind, temperatuur en hoe actief je vliegt."
"dji-flip-smart-controller-dji-rc331-controller";"https://smartsgadgets.eu/products/dji-flip-smart-controller-dji-rc331-controller";"DJI";"DJI Flip opvouwbare drone met 4K HDR-camera en AI-volgfunctie";"dji flip drone";"4";"uniek";"Hoe werkt AI-onderwerpvolging en welke vliegstanden heeft de DJI Flip?";"Met AI Subject Tracking houdt de DJI Flip jou of een ander onderwerp automatisch in beeld. Er zijn zes intelligente vliegstanden: Dronie, Circle, Rocket, Spotlight, Helix en Boomerang, waarmee je zonder ervaring filmische shots maakt. Je kunt de drone ook bedienen met spraakopdrachten via 'Hey Fly' in de DJI Fly-app."
"dji-flip-smart-controller-dji-rc331-controller";"https://smartsgadgets.eu/products/dji-flip-smart-controller-dji-rc331-controller";"DJI";"DJI Flip opvouwbare drone met 4K HDR-camera en AI-volgfunctie";"dji flip drone";"5";"uniek";"Hoe bestuur ik de DJI Flip en welke afstandsbediening hoort erbij?";"Volgens onze productomschrijving bestuur je de DJI Flip met de Smart Controller (DJI RC331) met touchscreen, of via de DJI Fly-app. De 3D-infrarood obstakeldetectie helpt bij het ontwijken van objecten. Bekijk de productpagina voor de exacte inhoud van de set."
"dji-flip-smart-controller-dji-rc331-controller";"https://smartsgadgets.eu/products/dji-flip-smart-controller-dji-rc331-controller";"DJI";"DJI Flip opvouwbare drone met 4K HDR-camera en AI-volgfunctie";"dji flip drone";"6";"uniek";"Mag ik met de DJI Flip overal vliegen en moet ik mijn drone registreren?";"Nee, je mag niet overal vliegen. Een drone met camera moet je als exploitant registreren bij de RDW (zie ook Rijksoverheid.nl en de regels voor jouw gewichtsklasse). Vlieg maximaal 120 meter hoog, houd afstand van mensenmenigtes, vliegvelden en gevoelige gebieden, en controleer altijd een actuele no-fly-zone-kaart. Controleer het gewicht en de categorie van jouw uitvoering voordat je opstijgt."
"dji-flip-smart-controller-dji-rc331-controller";"https://smartsgadgets.eu/products/dji-flip-smart-controller-dji-rc331-controller";"DJI";"DJI Flip opvouwbare drone met 4K HDR-camera en AI-volgfunctie";"dji flip drone";"7";"standaard";"Hoe snel kan ik de DJI Flip bezorgd krijgen en kan ik hem retourneren?";"Wij leveren in Nederland en België. Bestel je op werkdagen vóór 17:00 uur, dan verwerken we je bestelling dezelfde dag en ontvang je de DJI Flip meestal binnen 1 tot 3 werkdagen, met track-and-trace. Na ontvangst heb je 14 dagen bedenktijd (wettelijk herroepingsrecht). Je hebt recht op wettelijke garantie. Mail bij vragen of een defect naar info@smartsgadgets.eu of bel/app +31 (0)85 250 0837; we reageren binnen 1 werkdag."
"dji-neo-2-camera-drone-4k-60fps-activetrack-selfieshot-gesture-control-omnidirectionele-obstakeldetectie-49-gb-opslag";"https://smartsgadgets.eu/products/dji-neo-2-camera-drone-4k-60fps-activetrack-selfieshot-gesture-control-omnidirectionele-obstakeldetectie-49-gb-opslag";"DJI";"DJI Neo 2 camera-drone (Drone Only)";"dji neo 2";"1";"uniek";"Wat is de DJI Neo 2 en hoeveel weegt hij?";"De DJI Neo 2 is een ultracompacte camera-drone van slechts 151 gram, gemaakt voor selfies, vlogs en snelle social-media-content. Hij filmt in 4K tot 60 fps, heeft een 2-assige gimbal en kan vanaf je handpalm opstijgen en weer landen."
"dji-neo-2-camera-drone-4k-60fps-activetrack-selfieshot-gesture-control-omnidirectionele-obstakeldetectie-49-gb-opslag";"https://smartsgadgets.eu/products/dji-neo-2-camera-drone-4k-60fps-activetrack-selfieshot-gesture-control-omnidirectionele-obstakeldetectie-49-gb-opslag";"DJI";"DJI Neo 2 camera-drone (Drone Only)";"dji neo 2";"2";"uniek";"Hoe bestuur ik de DJI Neo 2 zonder afstandsbediening?";"Dit is de Drone Only-uitvoering, zonder standaard afstandsbediening. Je bestuurt de DJI Neo 2 via de DJI-app op je smartphone of met handgebaren (Gesture Control). Wil je liever een controller gebruiken, dan koppel je compatibele DJI-controllers die je los koopt."
"dji-neo-2-camera-drone-4k-60fps-activetrack-selfieshot-gesture-control-omnidirectionele-obstakeldetectie-49-gb-opslag";"https://smartsgadgets.eu/products/dji-neo-2-camera-drone-4k-60fps-activetrack-selfieshot-gesture-control-omnidirectionele-obstakeldetectie-49-gb-opslag";"DJI";"DJI Neo 2 camera-drone (Drone Only)";"dji neo 2";"3";"uniek";"Welke camera en videomodi heeft de DJI Neo 2?";"De DJI Neo 2 heeft een 12 MP camera met 1/2 inch CMOS-sensor en filmt in 4K 60 fps en 4K slow motion tot 100 fps. Voor verticale video is er 2,7K. Slimme opnamefuncties zijn ActiveTrack, SelfieShot, MasterShots, Dolly Zoom en QuickShots."
"dji-neo-2-camera-drone-4k-60fps-activetrack-selfieshot-gesture-control-omnidirectionele-obstakeldetectie-49-gb-opslag";"https://smartsgadgets.eu/products/dji-neo-2-camera-drone-4k-60fps-activetrack-selfieshot-gesture-control-omnidirectionele-obstakeldetectie-49-gb-opslag";"DJI";"DJI Neo 2 camera-drone (Drone Only)";"dji neo 2";"4";"uniek";"Heeft de DJI Neo 2 obstakeldetectie en hoe veilig is landen op mijn hand?";"De DJI Neo 2 heeft omnidirectionele obstakeldetectie met vision sensing plus LiDAR aan de voorkant. Met de Return-to-Palm-functie keert hij terug naar je hand. Gebruik deze functies altijd met aandacht: houd je hand stil en vlieg niet in de buurt van kinderen of dieren."
"dji-neo-2-camera-drone-4k-60fps-activetrack-selfieshot-gesture-control-omnidirectionele-obstakeldetectie-49-gb-opslag";"https://smartsgadgets.eu/products/dji-neo-2-camera-drone-4k-60fps-activetrack-selfieshot-gesture-control-omnidirectionele-obstakeldetectie-49-gb-opslag";"DJI";"DJI Neo 2 camera-drone (Drone Only)";"dji neo 2";"5";"uniek";"Hoe lang vliegt de DJI Neo 2 en hoeveel opslag heeft hij?";"De DJI Neo 2 vliegt tot 19 minuten per accu en heeft 49 GB interne opslag. Daardoor kun je zonder geheugenkaart al veel 4K-video's opnemen. Vliegtijd verschilt per omstandigheid, zoals wind en temperatuur."
"dji-neo-2-camera-drone-4k-60fps-activetrack-selfieshot-gesture-control-omnidirectionele-obstakeldetectie-49-gb-opslag";"https://smartsgadgets.eu/products/dji-neo-2-camera-drone-4k-60fps-activetrack-selfieshot-gesture-control-omnidirectionele-obstakeldetectie-49-gb-opslag";"DJI";"DJI Neo 2 camera-drone (Drone Only)";"dji neo 2";"6";"uniek";"Moet ik een drone van 151 gram registreren en waar mag ik vliegen?";"Een drone met camera moet je in Nederland registreren als exploitant bij de RDW; een brevet is voor een drone onder 250 gram niet nodig. Vlieg niet hoger dan 120 meter, houd het toestel in zicht en mijd no-fly zones, mensenmenigtes en privéterreinen. Controleer de actuele regels op Rijksoverheid.nl voor je vliegt."
"dji-neo-2-camera-drone-4k-60fps-activetrack-selfieshot-gesture-control-omnidirectionele-obstakeldetectie-49-gb-opslag";"https://smartsgadgets.eu/products/dji-neo-2-camera-drone-4k-60fps-activetrack-selfieshot-gesture-control-omnidirectionele-obstakeldetectie-49-gb-opslag";"DJI";"DJI Neo 2 camera-drone (Drone Only)";"dji neo 2";"7";"standaard";"Hoe snel kan ik de DJI Neo 2 bezorgd krijgen en kan ik hem retourneren?";"Wij leveren in Nederland en België. Bestel je op werkdagen vóór 17:00 uur, dan verwerken we je bestelling dezelfde dag en ontvang je de DJI Neo 2 meestal binnen 1 tot 3 werkdagen, met track-and-trace. Na ontvangst heb je 14 dagen bedenktijd (wettelijk herroepingsrecht). Je hebt recht op wettelijke garantie. Mail bij vragen of een defect naar info@smartsgadgets.eu of bel/app +31 (0)85 250 0837; we reageren binnen 1 werkdag."
"drones";"https://smartsgadgets.eu/products/drones";"DJI";"DJI Neo Motion Fly More Combo met Goggles N3 en RC Motion 3";"dji neo motion fly more combo";"1";"uniek";"Wat zit er in de DJI Neo Motion Fly More Combo?";"De set bevat de DJI Neo drone, DJI Goggles N3, de DJI RC Motion 3-controller, 3 Intelligent Flight Batteries, een two-way oplaadhub plus extra propellers en accessoires. Je kunt dus direct beginnen met immersief vliegen."
"drones";"https://smartsgadgets.eu/products/drones";"DJI";"DJI Neo Motion Fly More Combo met Goggles N3 en RC Motion 3";"dji neo motion fly more combo";"2";"uniek";"Hoe werkt de bediening met de RC Motion 3 en wat is FPV vliegen?";"Met de RC Motion 3 stuur je de DJI Neo met natuurlijke handbewegingen: een polsbeweging is genoeg voor dynamische manoeuvres. Via de DJI Goggles N3 zie je live wat de drone ziet (FPV, First Person View), alsof je zelf vliegt. Dat is een heel andere ervaring dan vliegen met een scherm."
"drones";"https://smartsgadgets.eu/products/drones";"DJI";"DJI Neo Motion Fly More Combo met Goggles N3 en RC Motion 3";"dji neo motion fly more combo";"3";"uniek";"Welke specificaties hebben de DJI Goggles N3?";"De Goggles N3 hebben een 1080p LCD-scherm met een kijkhoek van 54° en O4-videotransmissie voor een stabiele FHD-verbinding. De batterij gaat tot 2,7 uur mee en het ontwerp is geschikt voor bril-dragers."
"drones";"https://smartsgadgets.eu/products/drones";"DJI";"DJI Neo Motion Fly More Combo met Goggles N3 en RC Motion 3";"dji neo motion fly more combo";"4";"uniek";"Hoeveel weegt de DJI Neo en hoe lang vliegt hij?";"De DJI Neo weegt 135 gram (C0-label) en vliegt tot 18 minuten per accu. Hij filmt in 4K met EIS-stabilisatie en heeft 22 GB interne opslag, goed voor ongeveer 40 minuten 4K-video. Het bereik is tot 6 km volgens de CE-norm."
"drones";"https://smartsgadgets.eu/products/drones";"DJI";"DJI Neo Motion Fly More Combo met Goggles N3 en RC Motion 3";"dji neo motion fly more combo";"5";"uniek";"Mag ik zonder waarnemer met een FPV-bril vliegen en wat zijn de Nederlandse regels?";"Met een FPV-bril kijk je niet rechtstreeks naar de drone. In de open categorie gelden daarom extra voorwaarden, zoals een waarnemer die het toestel in het oog houdt. Daarnaast registreer je een camera-drone als exploitant bij de RDW en vlieg je maximaal 120 meter hoog. Check altijd de actuele regels op Rijksoverheid.nl."
"drones";"https://smartsgadgets.eu/products/drones";"DJI";"DJI Neo Motion Fly More Combo met Goggles N3 en RC Motion 3";"dji neo motion fly more combo";"6";"uniek";"Is de DJI Neo Motion Fly More Combo geschikt voor beginners?";"Ja, het gebruiksgemak is een belangrijk argument: de drone is licht, de handbediening is intuïtief en AI-onderwerpvolging en QuickShots nemen werk uit handen. Begin op een open plek, oefen eerst met de standaardmodus en bouw rustig op naar FPV."
"drones";"https://smartsgadgets.eu/products/drones";"DJI";"DJI Neo Motion Fly More Combo met Goggles N3 en RC Motion 3";"dji neo motion fly more combo";"7";"standaard";"Hoe snel kan ik de DJI Neo Motion Fly More Combo bezorgd krijgen en kan ik hem retourneren?";"Wij leveren in Nederland en België. Bestel je op werkdagen vóór 17:00 uur, dan verwerken we je bestelling dezelfde dag en ontvang je de DJI Neo Motion Fly More Combo meestal binnen 1 tot 3 werkdagen, met track-and-trace. Na ontvangst heb je 14 dagen bedenktijd (wettelijk herroepingsrecht). Je hebt recht op wettelijke garantie. Mail bij vragen of een defect naar info@smartsgadgets.eu of bel/app +31 (0)85 250 0837; we reageren binnen 1 werkdag."
"kooduu-atmos-brushed-silver-speaker-drankkoeler";"https://smartsgadgets.eu/products/kooduu-atmos-brushed-silver-speaker-drankkoeler";"KOODUU";"Kooduu Atmos Brushed Silver – lamp, Bluetooth-speaker en drankkoeler";"lamp met speaker en drankkoeler";"1";"uniek";"Wat is de Kooduu Atmos Brushed Silver en wat kan hij?";"De Kooduu Atmos Brushed Silver is een 3-in-1: een dimbare LED-lamp, een Bluetooth-speaker van 10 W en een drankkoeler van 2,8 liter in één draagbaar design van Jacob Jensen Design. Je zet hem op tafel voor sfeerlicht, muziek en gekoelde drankjes, zonder snoeren."
"kooduu-atmos-brushed-silver-speaker-drankkoeler";"https://smartsgadgets.eu/products/kooduu-atmos-brushed-silver-speaker-drankkoeler";"KOODUU";"Kooduu Atmos Brushed Silver – lamp, Bluetooth-speaker en drankkoeler";"lamp met speaker en drankkoeler";"2";"uniek";"Hoe koel ik drankjes met de Kooduu Atmos?";"De koeler van de Kooduu Atmos heeft ruimte voor 2,8 liter. De koeler werkt met ijs: Kooduu adviseert herbruikbare ijsblokjes die je met water vult, zodat drankjes uren koud blijven. De accu voedt alleen licht en speaker, niet de koeling."
"kooduu-atmos-brushed-silver-speaker-drankkoeler";"https://smartsgadgets.eu/products/kooduu-atmos-brushed-silver-speaker-drankkoeler";"KOODUU";"Kooduu Atmos Brushed Silver – lamp, Bluetooth-speaker en drankkoeler";"lamp met speaker en drankkoeler";"3";"uniek";"Hoe lang gaat de accu van de Kooduu Atmos mee?";"Op één lading speelt de Kooduu Atmos tot 10 uur licht en muziek. De werkelijke speeltijd hangt af van het volume en de lichtstand: lager volume en een zachtere dimstand zorgen voor langer gebruik."
"kooduu-atmos-brushed-silver-speaker-drankkoeler";"https://smartsgadgets.eu/products/kooduu-atmos-brushed-silver-speaker-drankkoeler";"KOODUU";"Kooduu Atmos Brushed Silver – lamp, Bluetooth-speaker en drankkoeler";"lamp met speaker en drankkoeler";"4";"uniek";"Hoe sterk is het licht en kan ik het dimmen?";"De ingebouwde LED is 1,5 W met een warme kleurtemperatuur van 2700K en volledig dimbaar. Het is bedoeld als sfeerlicht voor tafel, terras of balkon, niet als werklamp."
"kooduu-atmos-brushed-silver-speaker-drankkoeler";"https://smartsgadgets.eu/products/kooduu-atmos-brushed-silver-speaker-drankkoeler";"KOODUU";"Kooduu Atmos Brushed Silver – lamp, Bluetooth-speaker en drankkoeler";"lamp met speaker en drankkoeler";"5";"uniek";"Kan ik twee Kooduu-speakers koppelen voor stereo?";"Ja. De Kooduu Atmos heeft Bluetooth 5.0 met TWS (True Wireless Stereo). Met een tweede compatibele Kooduu-speaker kun je stereogeluid maken. Raadpleeg de handleiding voor de koppelstappen."
"kooduu-atmos-brushed-silver-speaker-drankkoeler";"https://smartsgadgets.eu/products/kooduu-atmos-brushed-silver-speaker-drankkoeler";"KOODUU";"Kooduu Atmos Brushed Silver – lamp, Bluetooth-speaker en drankkoeler";"lamp met speaker en drankkoeler";"6";"standaard";"Hoe snel kan ik de Kooduu Atmos bezorgd krijgen en kan ik hem retourneren?";"Wij leveren in Nederland en België. Bestel je op werkdagen vóór 17:00 uur, dan verwerken we je bestelling dezelfde dag en ontvang je de Kooduu Atmos meestal binnen 1 tot 3 werkdagen, met track-and-trace. Na ontvangst heb je 14 dagen bedenktijd (wettelijk herroepingsrecht). Je hebt recht op wettelijke garantie. Mail bij vragen of een defect naar info@smartsgadgets.eu of bel/app +31 (0)85 250 0837; we reageren binnen 1 werkdag."
"kooduu-lite-up-mini-play-earth-jbl-speaker";"https://smartsgadgets.eu/products/kooduu-lite-up-mini-play-earth-jbl-speaker";"KOODUU";"Kooduu Lite-up Mini PLAY Earth – lamp met JBL Bluetooth-speaker";"lamp met jbl bluetooth speaker";"1";"uniek";"Wat is de Kooduu Lite-up Mini PLAY Earth?";"De Kooduu Lite-up Mini PLAY Earth combineert een dimbare LED-lamp met een JBL Bluetooth-speaker in één compact design. Het handvat is van FSC-hout, de behuizing van rubber en de accenten van messing. Je gebruikt hem draadloos in huis, in de tuin of op het terras."
"kooduu-lite-up-mini-play-earth-jbl-speaker";"https://smartsgadgets.eu/products/kooduu-lite-up-mini-play-earth-jbl-speaker";"KOODUU";"Kooduu Lite-up Mini PLAY Earth – lamp met JBL Bluetooth-speaker";"lamp met jbl bluetooth speaker";"2";"uniek";"Hoe lang werkt de Lite-up Mini PLAY Earth op één lading?";"Tot 11 uur licht en muziek op één lading. Gebruik je een lager volume en een lagere lichtstand, dan houd je het langer vol; bij harder volume en felle stand loopt de accu sneller leeg."
"kooduu-lite-up-mini-play-earth-jbl-speaker";"https://smartsgadgets.eu/products/kooduu-lite-up-mini-play-earth-jbl-speaker";"KOODUU";"Kooduu Lite-up Mini PLAY Earth – lamp met JBL Bluetooth-speaker";"lamp met jbl bluetooth speaker";"3";"uniek";"Is de speaker in de Lite-up Mini PLAY echt van JBL?";"Volgens de productomschrijving heeft de Lite-up Mini PLAY een JBL Bluetooth-speaker, die je via Bluetooth met je telefoon of tablet koppelt. Zo combineer je geluid van een bekend audiomerk met een decoratief lampdesign."
"kooduu-lite-up-mini-play-earth-jbl-speaker";"https://smartsgadgets.eu/products/kooduu-lite-up-mini-play-earth-jbl-speaker";"KOODUU";"Kooduu Lite-up Mini PLAY Earth – lamp met JBL Bluetooth-speaker";"lamp met jbl bluetooth speaker";"4";"uniek";"Kan ik twee Kooduu-speakers koppelen voor stereogeluid?";"Ja, de Lite-up Mini PLAY ondersteunt True Wireless Stereo (TWS). Je koppelt hem met een tweede compatibele speaker voor ruimer stereogeluid. Zie de handleiding voor de koppelstappen."
"kooduu-lite-up-mini-play-earth-jbl-speaker";"https://smartsgadgets.eu/products/kooduu-lite-up-mini-play-earth-jbl-speaker";"KOODUU";"Kooduu Lite-up Mini PLAY Earth – lamp met JBL Bluetooth-speaker";"lamp met jbl bluetooth speaker";"5";"uniek";"Past de kleur Earth bij mijn interieur?";"Earth is een warme, aardse tint die goed past bij hout, linnen en natuurlijke materialen. Bekijk altijd de productfoto's voor de exacte tint. De Lite-up Mini PLAY is verkrijgbaar in 4 kleuren: Earth, Sand, Petroleum en Ocean."
"kooduu-lite-up-mini-play-earth-jbl-speaker";"https://smartsgadgets.eu/products/kooduu-lite-up-mini-play-earth-jbl-speaker";"KOODUU";"Kooduu Lite-up Mini PLAY Earth – lamp met JBL Bluetooth-speaker";"lamp met jbl bluetooth speaker";"6";"standaard";"Hoe snel kan ik de Kooduu Lite-up Mini PLAY Earth bezorgd krijgen en kan ik hem retourneren?";"Wij leveren in Nederland en België. Bestel je op werkdagen vóór 17:00 uur, dan verwerken we je bestelling dezelfde dag en ontvang je de Kooduu Lite-up Mini PLAY Earth meestal binnen 1 tot 3 werkdagen, met track-and-trace. Na ontvangst heb je 14 dagen bedenktijd (wettelijk herroepingsrecht). Je hebt recht op wettelijke garantie. Mail bij vragen of een defect naar info@smartsgadgets.eu of bel/app +31 (0)85 250 0837; we reageren binnen 1 werkdag."
"kooduu-lite-up-mini-play-ocean-jbl-speaker";"https://smartsgadgets.eu/products/kooduu-lite-up-mini-play-ocean-jbl-speaker";"KOODUU";"Kooduu Lite-up Mini PLAY Ocean – lamp met JBL Bluetooth-speaker";"lamp met jbl bluetooth speaker";"1";"uniek";"Wat is de Kooduu Lite-up Mini PLAY Ocean?";"De Kooduu Lite-up Mini PLAY Ocean combineert een dimbare LED-lamp met een JBL Bluetooth-speaker in één compact design. Het handvat is van FSC-hout, de behuizing van rubber en de accenten van messing. Je gebruikt hem draadloos in huis, in de tuin of op het terras."
"kooduu-lite-up-mini-play-ocean-jbl-speaker";"https://smartsgadgets.eu/products/kooduu-lite-up-mini-play-ocean-jbl-speaker";"KOODUU";"Kooduu Lite-up Mini PLAY Ocean – lamp met JBL Bluetooth-speaker";"lamp met jbl bluetooth speaker";"2";"uniek";"Hoe lang werkt de Lite-up Mini PLAY Ocean op één lading?";"Tot 11 uur licht en muziek op één lading. Gebruik je een lager volume en een lagere lichtstand, dan houd je het langer vol; bij harder volume en felle stand loopt de accu sneller leeg."
"kooduu-lite-up-mini-play-ocean-jbl-speaker";"https://smartsgadgets.eu/products/kooduu-lite-up-mini-play-ocean-jbl-speaker";"KOODUU";"Kooduu Lite-up Mini PLAY Ocean – lamp met JBL Bluetooth-speaker";"lamp met jbl bluetooth speaker";"3";"uniek";"Is de speaker in de Lite-up Mini PLAY echt van JBL?";"Volgens de productomschrijving heeft de Lite-up Mini PLAY een JBL Bluetooth-speaker, die je via Bluetooth met je telefoon of tablet koppelt. Zo combineer je geluid van een bekend audiomerk met een decoratief lampdesign."
"kooduu-lite-up-mini-play-ocean-jbl-speaker";"https://smartsgadgets.eu/products/kooduu-lite-up-mini-play-ocean-jbl-speaker";"KOODUU";"Kooduu Lite-up Mini PLAY Ocean – lamp met JBL Bluetooth-speaker";"lamp met jbl bluetooth speaker";"4";"uniek";"Kan ik twee Kooduu-speakers koppelen voor stereogeluid?";"Ja, de Lite-up Mini PLAY ondersteunt True Wireless Stereo (TWS). Je koppelt hem met een tweede compatibele speaker voor ruimer stereogeluid. Zie de handleiding voor de koppelstappen."
"kooduu-lite-up-mini-play-ocean-jbl-speaker";"https://smartsgadgets.eu/products/kooduu-lite-up-mini-play-ocean-jbl-speaker";"KOODUU";"Kooduu Lite-up Mini PLAY Ocean – lamp met JBL Bluetooth-speaker";"lamp met jbl bluetooth speaker";"5";"uniek";"Past de kleur Ocean bij mijn interieur?";"Ocean is een koele blauwe tint die rust brengt in een lichte of Scandinavische ruimte. Bekijk altijd de productfoto's voor de exacte tint. De Lite-up Mini PLAY is verkrijgbaar in 4 kleuren: Earth, Sand, Petroleum en Ocean."
"kooduu-lite-up-mini-play-ocean-jbl-speaker";"https://smartsgadgets.eu/products/kooduu-lite-up-mini-play-ocean-jbl-speaker";"KOODUU";"Kooduu Lite-up Mini PLAY Ocean – lamp met JBL Bluetooth-speaker";"lamp met jbl bluetooth speaker";"6";"standaard";"Hoe snel kan ik de Kooduu Lite-up Mini PLAY Ocean bezorgd krijgen en kan ik hem retourneren?";"Wij leveren in Nederland en België. Bestel je op werkdagen vóór 17:00 uur, dan verwerken we je bestelling dezelfde dag en ontvang je de Kooduu Lite-up Mini PLAY Ocean meestal binnen 1 tot 3 werkdagen, met track-and-trace. Na ontvangst heb je 14 dagen bedenktijd (wettelijk herroepingsrecht). Je hebt recht op wettelijke garantie. Mail bij vragen of een defect naar info@smartsgadgets.eu of bel/app +31 (0)85 250 0837; we reageren binnen 1 werkdag."
"kooduu-lite-up-mini-play-petroleum-jbl-speaker";"https://smartsgadgets.eu/products/kooduu-lite-up-mini-play-petroleum-jbl-speaker";"KOODUU";"Kooduu Lite-up Mini PLAY Petroleum – lamp met JBL Bluetooth-speaker";"lamp met jbl bluetooth speaker";"1";"uniek";"Wat is de Kooduu Lite-up Mini PLAY Petroleum?";"De Kooduu Lite-up Mini PLAY Petroleum combineert een dimbare LED-lamp met een JBL Bluetooth-speaker in één compact design. Het handvat is van FSC-hout, de behuizing van rubber en de accenten van messing. Je gebruikt hem draadloos in huis, in de tuin of op het terras."
"kooduu-lite-up-mini-play-petroleum-jbl-speaker";"https://smartsgadgets.eu/products/kooduu-lite-up-mini-play-petroleum-jbl-speaker";"KOODUU";"Kooduu Lite-up Mini PLAY Petroleum – lamp met JBL Bluetooth-speaker";"lamp met jbl bluetooth speaker";"2";"uniek";"Hoe lang werkt de Lite-up Mini PLAY Petroleum op één lading?";"Tot 11 uur licht en muziek op één lading. Gebruik je een lager volume en een lagere lichtstand, dan houd je het langer vol; bij harder volume en felle stand loopt de accu sneller leeg."
"kooduu-lite-up-mini-play-petroleum-jbl-speaker";"https://smartsgadgets.eu/products/kooduu-lite-up-mini-play-petroleum-jbl-speaker";"KOODUU";"Kooduu Lite-up Mini PLAY Petroleum – lamp met JBL Bluetooth-speaker";"lamp met jbl bluetooth speaker";"3";"uniek";"Is de speaker in de Lite-up Mini PLAY echt van JBL?";"Volgens de productomschrijving heeft de Lite-up Mini PLAY een JBL Bluetooth-speaker, die je via Bluetooth met je telefoon of tablet koppelt. Zo combineer je geluid van een bekend audiomerk met een decoratief lampdesign."
"kooduu-lite-up-mini-play-petroleum-jbl-speaker";"https://smartsgadgets.eu/products/kooduu-lite-up-mini-play-petroleum-jbl-speaker";"KOODUU";"Kooduu Lite-up Mini PLAY Petroleum – lamp met JBL Bluetooth-speaker";"lamp met jbl bluetooth speaker";"4";"uniek";"Kan ik twee Kooduu-speakers koppelen voor stereogeluid?";"Ja, de Lite-up Mini PLAY ondersteunt True Wireless Stereo (TWS). Je koppelt hem met een tweede compatibele speaker voor ruimer stereogeluid. Zie de handleiding voor de koppelstappen."
"kooduu-lite-up-mini-play-petroleum-jbl-speaker";"https://smartsgadgets.eu/products/kooduu-lite-up-mini-play-petroleum-jbl-speaker";"KOODUU";"Kooduu Lite-up Mini PLAY Petroleum – lamp met JBL Bluetooth-speaker";"lamp met jbl bluetooth speaker";"5";"uniek";"Past de kleur Petroleum bij mijn interieur?";"Petroleum is een diepe petrolkleur die een stoere, stijlvolle uitstraling geeft aan donkere en moderne interieurs. Bekijk altijd de productfoto's voor de exacte tint. De Lite-up Mini PLAY is verkrijgbaar in 4 kleuren: Earth, Sand, Petroleum en Ocean."
"kooduu-lite-up-mini-play-petroleum-jbl-speaker";"https://smartsgadgets.eu/products/kooduu-lite-up-mini-play-petroleum-jbl-speaker";"KOODUU";"Kooduu Lite-up Mini PLAY Petroleum – lamp met JBL Bluetooth-speaker";"lamp met jbl bluetooth speaker";"6";"standaard";"Hoe snel kan ik de Kooduu Lite-up Mini PLAY Petroleum bezorgd krijgen en kan ik hem retourneren?";"Wij leveren in Nederland en België. Bestel je op werkdagen vóór 17:00 uur, dan verwerken we je bestelling dezelfde dag en ontvang je de Kooduu Lite-up Mini PLAY Petroleum meestal binnen 1 tot 3 werkdagen, met track-and-trace. Na ontvangst heb je 14 dagen bedenktijd (wettelijk herroepingsrecht). Je hebt recht op wettelijke garantie. Mail bij vragen of een defect naar info@smartsgadgets.eu of bel/app +31 (0)85 250 0837; we reageren binnen 1 werkdag."
"kooduu-lite-up-mini-play-sand-jbl-speaker";"https://smartsgadgets.eu/products/kooduu-lite-up-mini-play-sand-jbl-speaker";"KOODUU";"Kooduu Lite-up Mini PLAY Sand – lamp met JBL Bluetooth-speaker";"lamp met jbl bluetooth speaker";"1";"uniek";"Wat is de Kooduu Lite-up Mini PLAY Sand?";"De Kooduu Lite-up Mini PLAY Sand combineert een dimbare LED-lamp met een JBL Bluetooth-speaker in één compact design. Het handvat is van FSC-hout, de behuizing van rubber en de accenten van messing. Je gebruikt hem draadloos in huis, in de tuin of op het terras."
"kooduu-lite-up-mini-play-sand-jbl-speaker";"https://smartsgadgets.eu/products/kooduu-lite-up-mini-play-sand-jbl-speaker";"KOODUU";"Kooduu Lite-up Mini PLAY Sand – lamp met JBL Bluetooth-speaker";"lamp met jbl bluetooth speaker";"2";"uniek";"Hoe lang werkt de Lite-up Mini PLAY Sand op één lading?";"Tot 11 uur licht en muziek op één lading. Gebruik je een lager volume en een lagere lichtstand, dan houd je het langer vol; bij harder volume en felle stand loopt de accu sneller leeg."
"kooduu-lite-up-mini-play-sand-jbl-speaker";"https://smartsgadgets.eu/products/kooduu-lite-up-mini-play-sand-jbl-speaker";"KOODUU";"Kooduu Lite-up Mini PLAY Sand – lamp met JBL Bluetooth-speaker";"lamp met jbl bluetooth speaker";"3";"uniek";"Is de speaker in de Lite-up Mini PLAY echt van JBL?";"Volgens de productomschrijving heeft de Lite-up Mini PLAY een JBL Bluetooth-speaker, die je via Bluetooth met je telefoon of tablet koppelt. Zo combineer je geluid van een bekend audiomerk met een decoratief lampdesign."
"kooduu-lite-up-mini-play-sand-jbl-speaker";"https://smartsgadgets.eu/products/kooduu-lite-up-mini-play-sand-jbl-speaker";"KOODUU";"Kooduu Lite-up Mini PLAY Sand – lamp met JBL Bluetooth-speaker";"lamp met jbl bluetooth speaker";"4";"uniek";"Kan ik twee Kooduu-speakers koppelen voor stereogeluid?";"Ja, de Lite-up Mini PLAY ondersteunt True Wireless Stereo (TWS). Je koppelt hem met een tweede compatibele speaker voor ruimer stereogeluid. Zie de handleiding voor de koppelstappen."
"kooduu-lite-up-mini-play-sand-jbl-speaker";"https://smartsgadgets.eu/products/kooduu-lite-up-mini-play-sand-jbl-speaker";"KOODUU";"Kooduu Lite-up Mini PLAY Sand – lamp met JBL Bluetooth-speaker";"lamp met jbl bluetooth speaker";"5";"uniek";"Past de kleur Sand bij mijn interieur?";"Sand is een lichte zandkleur die neutraal is en makkelijk combineert met bijna elke inrichting. Bekijk altijd de productfoto's voor de exacte tint. De Lite-up Mini PLAY is verkrijgbaar in 4 kleuren: Earth, Sand, Petroleum en Ocean."
"kooduu-lite-up-mini-play-sand-jbl-speaker";"https://smartsgadgets.eu/products/kooduu-lite-up-mini-play-sand-jbl-speaker";"KOODUU";"Kooduu Lite-up Mini PLAY Sand – lamp met JBL Bluetooth-speaker";"lamp met jbl bluetooth speaker";"6";"standaard";"Hoe snel kan ik de Kooduu Lite-up Mini PLAY Sand bezorgd krijgen en kan ik hem retourneren?";"Wij leveren in Nederland en België. Bestel je op werkdagen vóór 17:00 uur, dan verwerken we je bestelling dezelfde dag en ontvang je de Kooduu Lite-up Mini PLAY Sand meestal binnen 1 tot 3 werkdagen, met track-and-trace. Na ontvangst heb je 14 dagen bedenktijd (wettelijk herroepingsrecht). Je hebt recht op wettelijke garantie. Mail bij vragen of een defect naar info@smartsgadgets.eu of bel/app +31 (0)85 250 0837; we reageren binnen 1 werkdag."
"kooduu-lite-up-play-earth-jbl-speaker-lamp";"https://smartsgadgets.eu/products/kooduu-lite-up-play-earth-jbl-speaker-lamp";"KOODUU";"Kooduu Lite-up PLAY Earth – lamp met JBL Bluetooth-speaker";"lamp met jbl speaker";"1";"uniek";"Wat is de Kooduu Lite-up PLAY Earth?";"De Kooduu Lite-up PLAY Earth is een draadloze, dimbare LED-lamp met een hoogwaardige JBL Bluetooth-speaker. Het Scandinavische design heeft een handgemaakt FSC-houten handvat, een zachte rubberen behuizing en messing accenten. Hij is groter dan de Lite-up Mini PLAY."
"kooduu-lite-up-play-earth-jbl-speaker-lamp";"https://smartsgadgets.eu/products/kooduu-lite-up-play-earth-jbl-speaker-lamp";"KOODUU";"Kooduu Lite-up PLAY Earth – lamp met JBL Bluetooth-speaker";"lamp met jbl speaker";"2";"uniek";"Hoe lang speelt en brandt de Lite-up PLAY Earth?";"Tot 11 uur licht en muziek op één lading. Volume en lichtstand beïnvloeden de gebruiksduur: hoe zachter, hoe langer de accu meegaat."
"kooduu-lite-up-play-earth-jbl-speaker-lamp";"https://smartsgadgets.eu/products/kooduu-lite-up-play-earth-jbl-speaker-lamp";"KOODUU";"Kooduu Lite-up PLAY Earth – lamp met JBL Bluetooth-speaker";"lamp met jbl speaker";"3";"uniek";"Wat is het verschil tussen de Lite-up PLAY en de Lite-up Mini PLAY?";"Beide hebben een JBL Bluetooth-speaker, een dimbare LED en een FSC-houten handvat. De Lite-up PLAY is de grotere uitvoering, de Mini PLAY is compacter en eenvoudiger te verplaatsen. Kies de PLAY voor een grotere ruimte of tafel."
"kooduu-lite-up-play-earth-jbl-speaker-lamp";"https://smartsgadgets.eu/products/kooduu-lite-up-play-earth-jbl-speaker-lamp";"KOODUU";"Kooduu Lite-up PLAY Earth – lamp met JBL Bluetooth-speaker";"lamp met jbl speaker";"4";"uniek";"Kan ik twee Lite-up PLAY-speakers koppelen voor stereo?";"Ja, dankzij TWS (True Wireless Stereo) koppel je twee compatibele speakers voor stereogeluid. De koppelstappen staan in de handleiding."
"kooduu-lite-up-play-earth-jbl-speaker-lamp";"https://smartsgadgets.eu/products/kooduu-lite-up-play-earth-jbl-speaker-lamp";"KOODUU";"Kooduu Lite-up PLAY Earth – lamp met JBL Bluetooth-speaker";"lamp met jbl speaker";"5";"uniek";"Welke sfeer geeft de kleur Earth?";"Earth is een warme, aardse tint die goed past bij hout, linnen en natuurlijke materialen. De Lite-up PLAY is er in Earth, Sand, Petroleum en Ocean. Bekijk de productfoto's voor de exacte tint."
"kooduu-lite-up-play-earth-jbl-speaker-lamp";"https://smartsgadgets.eu/products/kooduu-lite-up-play-earth-jbl-speaker-lamp";"KOODUU";"Kooduu Lite-up PLAY Earth – lamp met JBL Bluetooth-speaker";"lamp met jbl speaker";"6";"standaard";"Hoe snel kan ik de Kooduu Lite-up PLAY Earth bezorgd krijgen en kan ik hem retourneren?";"Wij leveren in Nederland en België. Bestel je op werkdagen vóór 17:00 uur, dan verwerken we je bestelling dezelfde dag en ontvang je de Kooduu Lite-up PLAY Earth meestal binnen 1 tot 3 werkdagen, met track-and-trace. Na ontvangst heb je 14 dagen bedenktijd (wettelijk herroepingsrecht). Je hebt recht op wettelijke garantie. Mail bij vragen of een defect naar info@smartsgadgets.eu of bel/app +31 (0)85 250 0837; we reageren binnen 1 werkdag."
"kooduu-lite-up-play-ocean-jbl-speaker-lamp";"https://smartsgadgets.eu/products/kooduu-lite-up-play-ocean-jbl-speaker-lamp";"KOODUU";"Kooduu Lite-up PLAY Ocean – lamp met JBL Bluetooth-speaker";"lamp met jbl speaker";"1";"uniek";"Wat is de Kooduu Lite-up PLAY Ocean?";"De Kooduu Lite-up PLAY Ocean is een draadloze, dimbare LED-lamp met een hoogwaardige JBL Bluetooth-speaker. Het Scandinavische design heeft een handgemaakt FSC-houten handvat, een zachte rubberen behuizing en messing accenten. Hij is groter dan de Lite-up Mini PLAY."
"kooduu-lite-up-play-ocean-jbl-speaker-lamp";"https://smartsgadgets.eu/products/kooduu-lite-up-play-ocean-jbl-speaker-lamp";"KOODUU";"Kooduu Lite-up PLAY Ocean – lamp met JBL Bluetooth-speaker";"lamp met jbl speaker";"2";"uniek";"Hoe lang speelt en brandt de Lite-up PLAY Ocean?";"Tot 11 uur licht en muziek op één lading. Volume en lichtstand beïnvloeden de gebruiksduur: hoe zachter, hoe langer de accu meegaat."
"kooduu-lite-up-play-ocean-jbl-speaker-lamp";"https://smartsgadgets.eu/products/kooduu-lite-up-play-ocean-jbl-speaker-lamp";"KOODUU";"Kooduu Lite-up PLAY Ocean – lamp met JBL Bluetooth-speaker";"lamp met jbl speaker";"3";"uniek";"Wat is het verschil tussen de Lite-up PLAY en de Lite-up Mini PLAY?";"Beide hebben een JBL Bluetooth-speaker, een dimbare LED en een FSC-houten handvat. De Lite-up PLAY is de grotere uitvoering, de Mini PLAY is compacter en eenvoudiger te verplaatsen. Kies de PLAY voor een grotere ruimte of tafel."
"kooduu-lite-up-play-ocean-jbl-speaker-lamp";"https://smartsgadgets.eu/products/kooduu-lite-up-play-ocean-jbl-speaker-lamp";"KOODUU";"Kooduu Lite-up PLAY Ocean – lamp met JBL Bluetooth-speaker";"lamp met jbl speaker";"4";"uniek";"Kan ik twee Lite-up PLAY-speakers koppelen voor stereo?";"Ja, dankzij TWS (True Wireless Stereo) koppel je twee compatibele speakers voor stereogeluid. De koppelstappen staan in de handleiding."
"kooduu-lite-up-play-ocean-jbl-speaker-lamp";"https://smartsgadgets.eu/products/kooduu-lite-up-play-ocean-jbl-speaker-lamp";"KOODUU";"Kooduu Lite-up PLAY Ocean – lamp met JBL Bluetooth-speaker";"lamp met jbl speaker";"5";"uniek";"Welke sfeer geeft de kleur Ocean?";"Ocean is een koele blauwe tint die rust brengt in een lichte of Scandinavische ruimte. De Lite-up PLAY is er in Earth, Sand, Petroleum en Ocean. Bekijk de productfoto's voor de exacte tint."
"kooduu-lite-up-play-ocean-jbl-speaker-lamp";"https://smartsgadgets.eu/products/kooduu-lite-up-play-ocean-jbl-speaker-lamp";"KOODUU";"Kooduu Lite-up PLAY Ocean – lamp met JBL Bluetooth-speaker";"lamp met jbl speaker";"6";"standaard";"Hoe snel kan ik de Kooduu Lite-up PLAY Ocean bezorgd krijgen en kan ik hem retourneren?";"Wij leveren in Nederland en België. Bestel je op werkdagen vóór 17:00 uur, dan verwerken we je bestelling dezelfde dag en ontvang je de Kooduu Lite-up PLAY Ocean meestal binnen 1 tot 3 werkdagen, met track-and-trace. Na ontvangst heb je 14 dagen bedenktijd (wettelijk herroepingsrecht). Je hebt recht op wettelijke garantie. Mail bij vragen of een defect naar info@smartsgadgets.eu of bel/app +31 (0)85 250 0837; we reageren binnen 1 werkdag."
"kooduu-lite-up-play-petroleum-jbl-speaker-lamp";"https://smartsgadgets.eu/products/kooduu-lite-up-play-petroleum-jbl-speaker-lamp";"KOODUU";"Kooduu Lite-up PLAY Petroleum – lamp met JBL Bluetooth-speaker";"lamp met jbl speaker";"1";"uniek";"Wat is de Kooduu Lite-up PLAY Petroleum?";"De Kooduu Lite-up PLAY Petroleum is een draadloze, dimbare LED-lamp met een hoogwaardige JBL Bluetooth-speaker. Het Scandinavische design heeft een handgemaakt FSC-houten handvat, een zachte rubberen behuizing en messing accenten. Hij is groter dan de Lite-up Mini PLAY."
"kooduu-lite-up-play-petroleum-jbl-speaker-lamp";"https://smartsgadgets.eu/products/kooduu-lite-up-play-petroleum-jbl-speaker-lamp";"KOODUU";"Kooduu Lite-up PLAY Petroleum – lamp met JBL Bluetooth-speaker";"lamp met jbl speaker";"2";"uniek";"Hoe lang speelt en brandt de Lite-up PLAY Petroleum?";"Tot 11 uur licht en muziek op één lading. Volume en lichtstand beïnvloeden de gebruiksduur: hoe zachter, hoe langer de accu meegaat."
"kooduu-lite-up-play-petroleum-jbl-speaker-lamp";"https://smartsgadgets.eu/products/kooduu-lite-up-play-petroleum-jbl-speaker-lamp";"KOODUU";"Kooduu Lite-up PLAY Petroleum – lamp met JBL Bluetooth-speaker";"lamp met jbl speaker";"3";"uniek";"Wat is het verschil tussen de Lite-up PLAY en de Lite-up Mini PLAY?";"Beide hebben een JBL Bluetooth-speaker, een dimbare LED en een FSC-houten handvat. De Lite-up PLAY is de grotere uitvoering, de Mini PLAY is compacter en eenvoudiger te verplaatsen. Kies de PLAY voor een grotere ruimte of tafel."
"kooduu-lite-up-play-petroleum-jbl-speaker-lamp";"https://smartsgadgets.eu/products/kooduu-lite-up-play-petroleum-jbl-speaker-lamp";"KOODUU";"Kooduu Lite-up PLAY Petroleum – lamp met JBL Bluetooth-speaker";"lamp met jbl speaker";"4";"uniek";"Kan ik twee Lite-up PLAY-speakers koppelen voor stereo?";"Ja, dankzij TWS (True Wireless Stereo) koppel je twee compatibele speakers voor stereogeluid. De koppelstappen staan in de handleiding."
"kooduu-lite-up-play-petroleum-jbl-speaker-lamp";"https://smartsgadgets.eu/products/kooduu-lite-up-play-petroleum-jbl-speaker-lamp";"KOODUU";"Kooduu Lite-up PLAY Petroleum – lamp met JBL Bluetooth-speaker";"lamp met jbl speaker";"5";"uniek";"Welke sfeer geeft de kleur Petroleum?";"Petroleum is een diepe petrolkleur die een stoere, stijlvolle uitstraling geeft aan donkere en moderne interieurs. De Lite-up PLAY is er in Earth, Sand, Petroleum en Ocean. Bekijk de productfoto's voor de exacte tint."
"kooduu-lite-up-play-petroleum-jbl-speaker-lamp";"https://smartsgadgets.eu/products/kooduu-lite-up-play-petroleum-jbl-speaker-lamp";"KOODUU";"Kooduu Lite-up PLAY Petroleum – lamp met JBL Bluetooth-speaker";"lamp met jbl speaker";"6";"standaard";"Hoe snel kan ik de Kooduu Lite-up PLAY Petroleum bezorgd krijgen en kan ik hem retourneren?";"Wij leveren in Nederland en België. Bestel je op werkdagen vóór 17:00 uur, dan verwerken we je bestelling dezelfde dag en ontvang je de Kooduu Lite-up PLAY Petroleum meestal binnen 1 tot 3 werkdagen, met track-and-trace. Na ontvangst heb je 14 dagen bedenktijd (wettelijk herroepingsrecht). Je hebt recht op wettelijke garantie. Mail bij vragen of een defect naar info@smartsgadgets.eu of bel/app +31 (0)85 250 0837; we reageren binnen 1 werkdag."
"kooduu-sensa-lamp-anthracite-minimalistische-tafellamp";"https://smartsgadgets.eu/products/kooduu-sensa-lamp-anthracite-minimalistische-tafellamp";"KOODUU";"Kooduu Sensa Anthracite – minimalistische oplaadbare tafellamp";"oplaadbare tafellamp";"1";"uniek";"Wat is de Kooduu Sensa Anthracite?";"De Kooduu Sensa Anthracite is een minimalistische, draadloze tafellamp met diffuus, traploos dimbaar LED-licht. Het ontwerp is zonder opsmuk, zodat hij past op een nachtkastje, eettafel of bureau. Het licht is gelijkmatig en verblindt niet, handig als lees- of sfeerlamp."
"kooduu-sensa-lamp-anthracite-minimalistische-tafellamp";"https://smartsgadgets.eu/products/kooduu-sensa-lamp-anthracite-minimalistische-tafellamp";"KOODUU";"Kooduu Sensa Anthracite – minimalistische oplaadbare tafellamp";"oplaadbare tafellamp";"2";"uniek";"Hoe lang gaat de accu van de Sensa Anthracite mee?";"Tot 40 uur op één lading. Je hoeft hem dus niet dagelijks op te laden en kunt hem plaatsen waar je wilt, zonder snoer."
"kooduu-sensa-lamp-anthracite-minimalistische-tafellamp";"https://smartsgadgets.eu/products/kooduu-sensa-lamp-anthracite-minimalistische-tafellamp";"KOODUU";"Kooduu Sensa Anthracite – minimalistische oplaadbare tafellamp";"oplaadbare tafellamp";"3";"uniek";"Hoe laad ik de Kooduu Sensa op?";"De Sensa heeft een USB-oplaadstation: je laadt de lamp op via USB en hoeft hem niet constant aan het stopcontact te hebben. Zie de handleiding voor het exacte oplaadproces."
"kooduu-sensa-lamp-anthracite-minimalistische-tafellamp";"https://smartsgadgets.eu/products/kooduu-sensa-lamp-anthracite-minimalistische-tafellamp";"KOODUU";"Kooduu Sensa Anthracite – minimalistische oplaadbare tafellamp";"oplaadbare tafellamp";"4";"uniek";"Is de Sensa geschikt als leeslamp of sfeerlamp?";"Ja. Het diffuse, traploos dimbare licht werkt zowel voor sfeer in de avond als voor rustig lezen. Je regelt de helderheid precies zoals jij wilt."
"kooduu-sensa-lamp-anthracite-minimalistische-tafellamp";"https://smartsgadgets.eu/products/kooduu-sensa-lamp-anthracite-minimalistische-tafellamp";"KOODUU";"Kooduu Sensa Anthracite – minimalistische oplaadbare tafellamp";"oplaadbare tafellamp";"5";"uniek";"Past de kleur Anthracite bij mijn interieur?";"Anthraciet is de meest neutrale kleur in het gamma en past bij bijna elke stijl, van industrieel tot Scandinavisch. De Sensa is er in 5 kleuren; bekijk de productfoto's voor de exacte tint."
"kooduu-sensa-lamp-anthracite-minimalistische-tafellamp";"https://smartsgadgets.eu/products/kooduu-sensa-lamp-anthracite-minimalistische-tafellamp";"KOODUU";"Kooduu Sensa Anthracite – minimalistische oplaadbare tafellamp";"oplaadbare tafellamp";"6";"standaard";"Hoe snel kan ik de Kooduu Sensa Anthracite bezorgd krijgen en kan ik hem retourneren?";"Wij leveren in Nederland en België. Bestel je op werkdagen vóór 17:00 uur, dan verwerken we je bestelling dezelfde dag en ontvang je de Kooduu Sensa Anthracite meestal binnen 1 tot 3 werkdagen, met track-and-trace. Na ontvangst heb je 14 dagen bedenktijd (wettelijk herroepingsrecht). Je hebt recht op wettelijke garantie. Mail bij vragen of een defect naar info@smartsgadgets.eu of bel/app +31 (0)85 250 0837; we reageren binnen 1 werkdag."
"kooduu-sensa-lamp-moss-minimalistische-tafellamp";"https://smartsgadgets.eu/products/kooduu-sensa-lamp-moss-minimalistische-tafellamp";"KOODUU";"Kooduu Sensa Moss – minimalistische oplaadbare tafellamp";"oplaadbare tafellamp";"1";"uniek";"Wat is de Kooduu Sensa Moss?";"De Kooduu Sensa Moss is een minimalistische, draadloze tafellamp met diffuus, traploos dimbaar LED-licht. Het ontwerp is zonder opsmuk, zodat hij past op een nachtkastje, eettafel of bureau. Het licht is gelijkmatig en verblindt niet, handig als lees- of sfeerlamp."
"kooduu-sensa-lamp-moss-minimalistische-tafellamp";"https://smartsgadgets.eu/products/kooduu-sensa-lamp-moss-minimalistische-tafellamp";"KOODUU";"Kooduu Sensa Moss – minimalistische oplaadbare tafellamp";"oplaadbare tafellamp";"2";"uniek";"Hoe lang gaat de accu van de Sensa Moss mee?";"Tot 40 uur op één lading. Je hoeft hem dus niet dagelijks op te laden en kunt hem plaatsen waar je wilt, zonder snoer."
"kooduu-sensa-lamp-moss-minimalistische-tafellamp";"https://smartsgadgets.eu/products/kooduu-sensa-lamp-moss-minimalistische-tafellamp";"KOODUU";"Kooduu Sensa Moss – minimalistische oplaadbare tafellamp";"oplaadbare tafellamp";"3";"uniek";"Hoe laad ik de Kooduu Sensa op?";"De Sensa heeft een USB-oplaadstation: je laadt de lamp op via USB en hoeft hem niet constant aan het stopcontact te hebben. Zie de handleiding voor het exacte oplaadproces."
"kooduu-sensa-lamp-moss-minimalistische-tafellamp";"https://smartsgadgets.eu/products/kooduu-sensa-lamp-moss-minimalistische-tafellamp";"KOODUU";"Kooduu Sensa Moss – minimalistische oplaadbare tafellamp";"oplaadbare tafellamp";"4";"uniek";"Is de Sensa geschikt als leeslamp of sfeerlamp?";"Ja. Het diffuse, traploos dimbare licht werkt zowel voor sfeer in de avond als voor rustig lezen. Je regelt de helderheid precies zoals jij wilt."
"kooduu-sensa-lamp-moss-minimalistische-tafellamp";"https://smartsgadgets.eu/products/kooduu-sensa-lamp-moss-minimalistische-tafellamp";"KOODUU";"Kooduu Sensa Moss – minimalistische oplaadbare tafellamp";"oplaadbare tafellamp";"5";"uniek";"Past de kleur Moss bij mijn interieur?";"Moss is een rustige mosgroene tint die warmte en natuur in huis haalt en mooi staat bij hout en planten. De Sensa is er in 5 kleuren; bekijk de productfoto's voor de exacte tint."
"kooduu-sensa-lamp-moss-minimalistische-tafellamp";"https://smartsgadgets.eu/products/kooduu-sensa-lamp-moss-minimalistische-tafellamp";"KOODUU";"Kooduu Sensa Moss – minimalistische oplaadbare tafellamp";"oplaadbare tafellamp";"6";"standaard";"Hoe snel kan ik de Kooduu Sensa Moss bezorgd krijgen en kan ik hem retourneren?";"Wij leveren in Nederland en België. Bestel je op werkdagen vóór 17:00 uur, dan verwerken we je bestelling dezelfde dag en ontvang je de Kooduu Sensa Moss meestal binnen 1 tot 3 werkdagen, met track-and-trace. Na ontvangst heb je 14 dagen bedenktijd (wettelijk herroepingsrecht). Je hebt recht op wettelijke garantie. Mail bij vragen of een defect naar info@smartsgadgets.eu of bel/app +31 (0)85 250 0837; we reageren binnen 1 werkdag."
"kooduu-sphere-brass-sfeerlamp-speaker-wijnkoeler";"https://smartsgadgets.eu/products/kooduu-sphere-brass-sfeerlamp-speaker-wijnkoeler";"KOODUU";"Kooduu Sphere Brass – sfeerlamp, Bluetooth-speaker en wijnkoeler";"lamp met speaker en wijnkoeler";"1";"uniek";"Wat is de Kooduu Sphere Brass?";"De Kooduu Sphere Brass is een 3-in-1 sfeerlamp: dimbare LED-verlichting, een Bluetooth-speaker en een wijnkoeler van 3,5 liter, ontworpen door Jacob Jensen Design. Het messing design maakt hem een opvallend middelpunt op tafel."
"kooduu-sphere-brass-sfeerlamp-speaker-wijnkoeler";"https://smartsgadgets.eu/products/kooduu-sphere-brass-sfeerlamp-speaker-wijnkoeler";"KOODUU";"Kooduu Sphere Brass – sfeerlamp, Bluetooth-speaker en wijnkoeler";"lamp met speaker en wijnkoeler";"2";"uniek";"Hoe koel ik wijn met de Sphere Brass?";"De Sphere heeft ruimte voor wijn of drankjes. De koeler werkt met ijs: Kooduu adviseert herbruikbare ijsblokjes die je met water vult, zodat drankjes uren koud blijven. De accu voedt alleen licht en speaker, niet de koeling."
"kooduu-sphere-brass-sfeerlamp-speaker-wijnkoeler";"https://smartsgadgets.eu/products/kooduu-sphere-brass-sfeerlamp-speaker-wijnkoeler";"KOODUU";"Kooduu Sphere Brass – sfeerlamp, Bluetooth-speaker en wijnkoeler";"lamp met speaker en wijnkoeler";"3";"uniek";"Hoe lang kan ik de Sphere Brass gebruiken op één lading?";"Tot 10 uur licht en muziek op één lading. Een lager volume en zachtere dimstand verlengen de speeltijd."
"kooduu-sphere-brass-sfeerlamp-speaker-wijnkoeler";"https://smartsgadgets.eu/products/kooduu-sphere-brass-sfeerlamp-speaker-wijnkoeler";"KOODUU";"Kooduu Sphere Brass – sfeerlamp, Bluetooth-speaker en wijnkoeler";"lamp met speaker en wijnkoeler";"4";"uniek";"Kan ik twee Kooduu Sphere-speakers koppelen voor stereo?";"Ja, de Sphere ondersteunt TWS (True Wireless Stereo), zodat je er twee tot een stereopaar koppelt. Zie de handleiding voor de koppelstappen."
"kooduu-sphere-brass-sfeerlamp-speaker-wijnkoeler";"https://smartsgadgets.eu/products/kooduu-sphere-brass-sfeerlamp-speaker-wijnkoeler";"KOODUU";"Kooduu Sphere Brass – sfeerlamp, Bluetooth-speaker en wijnkoeler";"lamp met speaker en wijnkoeler";"5";"uniek";"Is de Sphere Brass een goed cadeau voor wijnliefhebbers?";"Zeker. De combinatie van sfeerlicht, muziek en wijnkoeler in een design van Jacob Jensen maakt hem een origineel cadeau voor wijnliefhebbers, voor een housewarming of voor mensen met een mooi terras."
"kooduu-sphere-brass-sfeerlamp-speaker-wijnkoeler";"https://smartsgadgets.eu/products/kooduu-sphere-brass-sfeerlamp-speaker-wijnkoeler";"KOODUU";"Kooduu Sphere Brass – sfeerlamp, Bluetooth-speaker en wijnkoeler";"lamp met speaker en wijnkoeler";"6";"standaard";"Hoe snel kan ik de Kooduu Sphere Brass bezorgd krijgen en kan ik hem retourneren?";"Wij leveren in Nederland en België. Bestel je op werkdagen vóór 17:00 uur, dan verwerken we je bestelling dezelfde dag en ontvang je de Kooduu Sphere Brass meestal binnen 1 tot 3 werkdagen, met track-and-trace. Na ontvangst heb je 14 dagen bedenktijd (wettelijk herroepingsrecht). Je hebt recht op wettelijke garantie. Mail bij vragen of een defect naar info@smartsgadgets.eu of bel/app +31 (0)85 250 0837; we reageren binnen 1 werkdag."
"kooduu-sphere-brushed-silver-sfeerlamp-speaker";"https://smartsgadgets.eu/products/kooduu-sphere-brushed-silver-sfeerlamp-speaker";"KOODUU";"Kooduu Sphere Brushed Silver – sfeerlamp, Bluetooth-speaker en wijnkoeler";"sfeerlamp met bluetooth speaker en wijnkoeler";"1";"uniek";"Wat is de Kooduu Sphere Brushed Silver?";"De Kooduu Sphere Brushed Silver combineert een dimbare sfeerlamp, een Bluetooth-speaker en een ingebouwde wijnkoeler met ruimte voor twee flessen. De bol is ontworpen door het Deense Jacob Jensen Design Studio, met een geborsteld zilveren voet in Scandinavisch minimalistische stijl."
"kooduu-sphere-brushed-silver-sfeerlamp-speaker";"https://smartsgadgets.eu/products/kooduu-sphere-brushed-silver-sfeerlamp-speaker";"KOODUU";"Kooduu Sphere Brushed Silver – sfeerlamp, Bluetooth-speaker en wijnkoeler";"sfeerlamp met bluetooth speaker en wijnkoeler";"2";"uniek";"Hoeveel flessen passen er in de wijnkoeler van de Sphere?";"Er is ruimte voor twee flessen. De koeler werkt met ijs: Kooduu adviseert herbruikbare ijsblokjes die je met water vult, zodat drankjes uren koud blijven. De accu voedt alleen licht en speaker, niet de koeling."
"kooduu-sphere-brushed-silver-sfeerlamp-speaker";"https://smartsgadgets.eu/products/kooduu-sphere-brushed-silver-sfeerlamp-speaker";"KOODUU";"Kooduu Sphere Brushed Silver – sfeerlamp, Bluetooth-speaker en wijnkoeler";"sfeerlamp met bluetooth speaker en wijnkoeler";"3";"uniek";"Hoe warm is het licht en kan ik het dimmen?";"De LED heeft een warme kleurtemperatuur van 2700K en een vermogen van 2,0 W. Het licht is volledig dimbaar, ideaal voor gezellige avonden aan tafel."
"kooduu-sphere-brushed-silver-sfeerlamp-speaker";"https://smartsgadgets.eu/products/kooduu-sphere-brushed-silver-sfeerlamp-speaker";"KOODUU";"Kooduu Sphere Brushed Silver – sfeerlamp, Bluetooth-speaker en wijnkoeler";"sfeerlamp met bluetooth speaker en wijnkoeler";"4";"uniek";"Hoe goed klinkt de speaker en kan ik hem koppelen?";"De speaker heeft Kooduu's Bright Sound Technology voor een heldere, gebalanceerde weergave. Via Bluetooth 5.0 koppel je twee Sphere-toestellen in TWS-stereomodus. De accu gaat tot 10 uur mee."
"kooduu-sphere-brushed-silver-sfeerlamp-speaker";"https://smartsgadgets.eu/products/kooduu-sphere-brushed-silver-sfeerlamp-speaker";"KOODUU";"Kooduu Sphere Brushed Silver – sfeerlamp, Bluetooth-speaker en wijnkoeler";"sfeerlamp met bluetooth speaker en wijnkoeler";"5";"uniek";"Kan ik de Sphere Brushed Silver buiten gebruiken en waar is hij gemaakt?";"Ja, hij is geschikt voor binnen en buiten, bijvoorbeeld op de eettafel of op het terras, en gemaakt in Europa. Laat hem bij regen niet buiten staan en raadpleeg de handleiding voor onderhoud."
"kooduu-sphere-brushed-silver-sfeerlamp-speaker";"https://smartsgadgets.eu/products/kooduu-sphere-brushed-silver-sfeerlamp-speaker";"KOODUU";"Kooduu Sphere Brushed Silver – sfeerlamp, Bluetooth-speaker en wijnkoeler";"sfeerlamp met bluetooth speaker en wijnkoeler";"6";"standaard";"Hoe snel kan ik de Kooduu Sphere Brushed Silver bezorgd krijgen en kan ik hem retourneren?";"Wij leveren in Nederland en België. Bestel je op werkdagen vóór 17:00 uur, dan verwerken we je bestelling dezelfde dag en ontvang je de Kooduu Sphere Brushed Silver meestal binnen 1 tot 3 werkdagen, met track-and-trace. Na ontvangst heb je 14 dagen bedenktijd (wettelijk herroepingsrecht). Je hebt recht op wettelijke garantie. Mail bij vragen of een defect naar info@smartsgadgets.eu of bel/app +31 (0)85 250 0837; we reageren binnen 1 werkdag."
"kooduu-synergy-35-compact-speaker-wijnkoeler";"https://smartsgadgets.eu/products/kooduu-synergy-35-compact-speaker-wijnkoeler";"KOODUU";"Kooduu Synergy 35 – compacte lamp, speaker en wijnkoeler";"compacte lamp met speaker en wijnkoeler";"1";"uniek";"Wat is de Kooduu Synergy 35?";"De Kooduu Synergy 35 is de compacte uitvoering van de Synergy-serie: een draagbare lamp, een Bluetooth-speaker en een wijnkoeler in één oplaadbaar design. Hij is bedoeld voor wie een kleinere variant zoekt voor tafel, balkon of terras."
"kooduu-synergy-35-compact-speaker-wijnkoeler";"https://smartsgadgets.eu/products/kooduu-synergy-35-compact-speaker-wijnkoeler";"KOODUU";"Kooduu Synergy 35 – compacte lamp, speaker en wijnkoeler";"compacte lamp met speaker en wijnkoeler";"2";"uniek";"Hoe sterk is de speaker en hoeveel lichtstanden zijn er?";"De Synergy 35 heeft een speaker van 10 W en 4 dimstappen voor het licht. Zo stel je precies in hoeveel sfeer je wilt."
"kooduu-synergy-35-compact-speaker-wijnkoeler";"https://smartsgadgets.eu/products/kooduu-synergy-35-compact-speaker-wijnkoeler";"KOODUU";"Kooduu Synergy 35 – compacte lamp, speaker en wijnkoeler";"compacte lamp met speaker en wijnkoeler";"3";"uniek";"Hoe koel ik drankjes met de Synergy 35?";"De koeler werkt met ijs: Kooduu adviseert herbruikbare ijsblokjes die je met water vult, zodat drankjes uren koud blijven. De accu voedt alleen licht en speaker, niet de koeling."
"kooduu-synergy-35-compact-speaker-wijnkoeler";"https://smartsgadgets.eu/products/kooduu-synergy-35-compact-speaker-wijnkoeler";"KOODUU";"Kooduu Synergy 35 – compacte lamp, speaker en wijnkoeler";"compacte lamp met speaker en wijnkoeler";"4";"uniek";"Waarom heeft de Synergy 35 een leren handvat?";"Het leren handvat maakt de Synergy 35 makkelijk draagbaar en geeft hem een stijlvolle uitstraling. Je verplaatst hem moeiteloos van keuken naar tuin."
"kooduu-synergy-35-compact-speaker-wijnkoeler";"https://smartsgadgets.eu/products/kooduu-synergy-35-compact-speaker-wijnkoeler";"KOODUU";"Kooduu Synergy 35 – compacte lamp, speaker en wijnkoeler";"compacte lamp met speaker en wijnkoeler";"5";"uniek";"Wat is het verschil tussen de Synergy 35, 50 en 65?";"De drie modellen verschillen vooral in formaat en koelinhoud: de Synergy 35 is het meest compact, de Synergy 50 heeft een koeler van 2 liter en de Synergy 65 een koeler van 4,8 liter. Kies op basis van hoeveel drank je wilt koelen en hoeveel ruimte je hebt."
"kooduu-synergy-35-compact-speaker-wijnkoeler";"https://smartsgadgets.eu/products/kooduu-synergy-35-compact-speaker-wijnkoeler";"KOODUU";"Kooduu Synergy 35 – compacte lamp, speaker en wijnkoeler";"compacte lamp met speaker en wijnkoeler";"6";"standaard";"Hoe snel kan ik de Kooduu Synergy 35 bezorgd krijgen en kan ik hem retourneren?";"Wij leveren in Nederland en België. Bestel je op werkdagen vóór 17:00 uur, dan verwerken we je bestelling dezelfde dag en ontvang je de Kooduu Synergy 35 meestal binnen 1 tot 3 werkdagen, met track-and-trace. Na ontvangst heb je 14 dagen bedenktijd (wettelijk herroepingsrecht). Je hebt recht op wettelijke garantie. Mail bij vragen of een defect naar info@smartsgadgets.eu of bel/app +31 (0)85 250 0837; we reageren binnen 1 werkdag."
"kooduu-synergy-50-speaker-wijnkoeler-draagbaar";"https://smartsgadgets.eu/products/kooduu-synergy-50-speaker-wijnkoeler-draagbaar";"KOODUU";"Kooduu Synergy 50 – draagbare lamp, speaker en wijnkoeler";"draagbare lamp met speaker en wijnkoeler";"1";"uniek";"Wat is de Kooduu Synergy 50?";"De Kooduu Synergy 50 is een dimbare LED-lamp (4 lichtstanden, 2700K), een Bluetooth-speaker met Bright Sound Technology en een wijnkoeler van 2 liter in één draagbaar, oplaadbaar ontwerp."
"kooduu-synergy-50-speaker-wijnkoeler-draagbaar";"https://smartsgadgets.eu/products/kooduu-synergy-50-speaker-wijnkoeler-draagbaar";"KOODUU";"Kooduu Synergy 50 – draagbare lamp, speaker en wijnkoeler";"draagbare lamp met speaker en wijnkoeler";"2";"uniek";"Hoe lang gaat de accu van de Synergy 50 mee?";"Tot 10 uur licht en muziek op één lading. Een zachter volume of lagere dimstand verlengt de gebruiksduur."
"kooduu-synergy-50-speaker-wijnkoeler-draagbaar";"https://smartsgadgets.eu/products/kooduu-synergy-50-speaker-wijnkoeler-draagbaar";"KOODUU";"Kooduu Synergy 50 – draagbare lamp, speaker en wijnkoeler";"draagbare lamp met speaker en wijnkoeler";"3";"uniek";"Hoe koel ik wijn en drankjes in de Synergy 50?";"De koeler heeft een inhoud van 2 liter. De koeler werkt met ijs: Kooduu adviseert herbruikbare ijsblokjes die je met water vult, zodat drankjes uren koud blijven. De accu voedt alleen licht en speaker, niet de koeling."
"kooduu-synergy-50-speaker-wijnkoeler-draagbaar";"https://smartsgadgets.eu/products/kooduu-synergy-50-speaker-wijnkoeler-draagbaar";"KOODUU";"Kooduu Synergy 50 – draagbare lamp, speaker en wijnkoeler";"draagbare lamp met speaker en wijnkoeler";"4";"uniek";"Kan ik twee Synergy-lampen koppelen voor stereogeluid?";"Ja. Je koppelt de Synergy 50 met een tweede Synergy voor stereogeluid. Zie de handleiding voor de koppelstappen."
"kooduu-synergy-50-speaker-wijnkoeler-draagbaar";"https://smartsgadgets.eu/products/kooduu-synergy-50-speaker-wijnkoeler-draagbaar";"KOODUU";"Kooduu Synergy 50 – draagbare lamp, speaker en wijnkoeler";"draagbare lamp met speaker en wijnkoeler";"5";"uniek";"Hoeveel lichtstanden heeft de Synergy 50 en hoe warm is het licht?";"De Synergy 50 heeft 4 lichtstanden met een warme kleurtemperatuur van 2700K. Daardoor krijg je een gezellige, zachte sfeer, geschikt voor tuin, terras of eettafel."
"kooduu-synergy-50-speaker-wijnkoeler-draagbaar";"https://smartsgadgets.eu/products/kooduu-synergy-50-speaker-wijnkoeler-draagbaar";"KOODUU";"Kooduu Synergy 50 – draagbare lamp, speaker en wijnkoeler";"draagbare lamp met speaker en wijnkoeler";"6";"standaard";"Hoe snel kan ik de Kooduu Synergy 50 bezorgd krijgen en kan ik hem retourneren?";"Wij leveren in Nederland en België. Bestel je op werkdagen vóór 17:00 uur, dan verwerken we je bestelling dezelfde dag en ontvang je de Kooduu Synergy 50 meestal binnen 1 tot 3 werkdagen, met track-and-trace. Na ontvangst heb je 14 dagen bedenktijd (wettelijk herroepingsrecht). Je hebt recht op wettelijke garantie. Mail bij vragen of een defect naar info@smartsgadgets.eu of bel/app +31 (0)85 250 0837; we reageren binnen 1 werkdag."
"kooduu-synergy-65-speaker-wijnkoeler-draagbaar";"https://smartsgadgets.eu/products/kooduu-synergy-65-speaker-wijnkoeler-draagbaar";"KOODUU";"Kooduu Synergy 65 – draagbare lamp, speaker en wijnkoeler";"draagbare wijnkoeler met speaker en lamp";"1";"uniek";"Wat is de Kooduu Synergy 65?";"De Kooduu Synergy 65 is de grootste uitvoering van de Synergy-serie: een draagbare LED-lamp, Bluetooth-speaker en een drank- en wijnkoeler van 4,8 liter in één oplaadbaar design."
"kooduu-synergy-65-speaker-wijnkoeler-draagbaar";"https://smartsgadgets.eu/products/kooduu-synergy-65-speaker-wijnkoeler-draagbaar";"KOODUU";"Kooduu Synergy 65 – draagbare lamp, speaker en wijnkoeler";"draagbare wijnkoeler met speaker en lamp";"2";"uniek";"Hoeveel kan ik koelen in de Synergy 65?";"De koeler heeft een inhoud van 4,8 liter, meer dan de kleinere Synergy 35 en 50. De koeler werkt met ijs: Kooduu adviseert herbruikbare ijsblokjes die je met water vult, zodat drankjes uren koud blijven. De accu voedt alleen licht en speaker, niet de koeling."
"kooduu-synergy-65-speaker-wijnkoeler-draagbaar";"https://smartsgadgets.eu/products/kooduu-synergy-65-speaker-wijnkoeler-draagbaar";"KOODUU";"Kooduu Synergy 65 – draagbare lamp, speaker en wijnkoeler";"draagbare wijnkoeler met speaker en lamp";"3";"uniek";"Voor welke gelegenheden is de Synergy 65 geschikt?";"De Synergy 65 past bij tuinfeesten, barbecues, verjaardagen en gezellige avonden op het terras. Je hebt licht, muziek en gekoelde drank in één apparaat."
"kooduu-synergy-65-speaker-wijnkoeler-draagbaar";"https://smartsgadgets.eu/products/kooduu-synergy-65-speaker-wijnkoeler-draagbaar";"KOODUU";"Kooduu Synergy 65 – draagbare lamp, speaker en wijnkoeler";"draagbare wijnkoeler met speaker en lamp";"4";"uniek";"Kan ik de Synergy 65 koppelen aan een tweede Synergy?";"Ja, de Synergy-serie ondersteunt stereo-koppeling met een tweede Synergy-toestel. Zie de handleiding voor de koppelstappen."
"kooduu-synergy-65-speaker-wijnkoeler-draagbaar";"https://smartsgadgets.eu/products/kooduu-synergy-65-speaker-wijnkoeler-draagbaar";"KOODUU";"Kooduu Synergy 65 – draagbare lamp, speaker en wijnkoeler";"draagbare wijnkoeler met speaker en lamp";"5";"uniek";"Hoe verschilt de Synergy 65 van de Synergy 50 en 35?";"Het belangrijkste verschil is het formaat en de koelinhoud: de Synergy 65 heeft een koeler van 4,8 liter, de Synergy 50 van 2 liter en de Synergy 35 is de compacte variant. Kies de 65 als je voor meer mensen wilt koelen."
"kooduu-synergy-65-speaker-wijnkoeler-draagbaar";"https://smartsgadgets.eu/products/kooduu-synergy-65-speaker-wijnkoeler-draagbaar";"KOODUU";"Kooduu Synergy 65 – draagbare lamp, speaker en wijnkoeler";"draagbare wijnkoeler met speaker en lamp";"6";"standaard";"Hoe snel kan ik de Kooduu Synergy 65 bezorgd krijgen en kan ik hem retourneren?";"Wij leveren in Nederland en België. Bestel je op werkdagen vóór 17:00 uur, dan verwerken we je bestelling dezelfde dag en ontvang je de Kooduu Synergy 65 meestal binnen 1 tot 3 werkdagen, met track-and-trace. Na ontvangst heb je 14 dagen bedenktijd (wettelijk herroepingsrecht). Je hebt recht op wettelijke garantie. Mail bij vragen of een defect naar info@smartsgadgets.eu of bel/app +31 (0)85 250 0837; we reageren binnen 1 werkdag."
"loome-lamp-anthracite-draagbare-lantaarn";"https://smartsgadgets.eu/products/loome-lamp-anthracite-draagbare-lantaarn";"KOODUU";"Kooduu Loome Anthracite – draagbare lantaarn en oplaadbare tafellamp";"draagbare lantaarn tafellamp";"1";"uniek";"Wat is de Kooduu Loome Anthracite?";"De Kooduu Loome Anthracite is een zeer draagbare lantaarn en tafellamp met diffuus, traploos dimbaar LED-licht. Hij heeft een ergonomische draagbeugel en een Scandinavisch geïnspireerd design. Je gebruikt hem draadloos voor ontspanning, lezen of gezelligheid."
"loome-lamp-anthracite-draagbare-lantaarn";"https://smartsgadgets.eu/products/loome-lamp-anthracite-draagbare-lantaarn";"KOODUU";"Kooduu Loome Anthracite – draagbare lantaarn en oplaadbare tafellamp";"draagbare lantaarn tafellamp";"2";"uniek";"Hoe lang gaat de accu van de Loome Anthracite mee?";"Tot 40 uur op één lading. Dankzij het USB-oplaadstation hoef je hem niet vaak op te laden."
"loome-lamp-anthracite-draagbare-lantaarn";"https://smartsgadgets.eu/products/loome-lamp-anthracite-draagbare-lantaarn";"KOODUU";"Kooduu Loome Anthracite – draagbare lantaarn en oplaadbare tafellamp";"draagbare lantaarn tafellamp";"3";"uniek";"Kan ik de Kooduu Loome buiten gebruiken?";"Ja, volgens de productomschrijving is de Loome binnen en buiten inzetbaar. Laat hem niet in de regen staan en raadpleeg de handleiding voor de beste manier van onderhoud."
"loome-lamp-anthracite-draagbare-lantaarn";"https://smartsgadgets.eu/products/loome-lamp-anthracite-draagbare-lantaarn";"KOODUU";"Kooduu Loome Anthracite – draagbare lantaarn en oplaadbare tafellamp";"draagbare lantaarn tafellamp";"4";"uniek";"Wat is het verschil tussen de Loome en de Sensa?";"Beide zijn oplaadbare tafellampen met dimbaar LED-licht en tot 40 uur accuduur. De Loome is een draagbare lantaarn met draagbeugel, de Sensa een minimalistische tafellamp zonder extra's. Kies de Loome als je hem vaak verplaatst."
"loome-lamp-anthracite-draagbare-lantaarn";"https://smartsgadgets.eu/products/loome-lamp-anthracite-draagbare-lantaarn";"KOODUU";"Kooduu Loome Anthracite – draagbare lantaarn en oplaadbare tafellamp";"draagbare lantaarn tafellamp";"5";"uniek";"Past de kleur Anthracite bij mijn interieur?";"Anthraciet is een neutrale, donkere kleur die past bij bijna elke stijl. De Loome is er in 5 kleuren: Antraciet, Cloudy White, Oranje, Smoky Teal en Mosgroen. Bekijk de productfoto's voor de exacte tint."
"loome-lamp-anthracite-draagbare-lantaarn";"https://smartsgadgets.eu/products/loome-lamp-anthracite-draagbare-lantaarn";"KOODUU";"Kooduu Loome Anthracite – draagbare lantaarn en oplaadbare tafellamp";"draagbare lantaarn tafellamp";"6";"standaard";"Hoe snel kan ik de Kooduu Loome Anthracite bezorgd krijgen en kan ik hem retourneren?";"Wij leveren in Nederland en België. Bestel je op werkdagen vóór 17:00 uur, dan verwerken we je bestelling dezelfde dag en ontvang je de Kooduu Loome Anthracite meestal binnen 1 tot 3 werkdagen, met track-and-trace. Na ontvangst heb je 14 dagen bedenktijd (wettelijk herroepingsrecht). Je hebt recht op wettelijke garantie. Mail bij vragen of een defect naar info@smartsgadgets.eu of bel/app +31 (0)85 250 0837; we reageren binnen 1 werkdag."
"loome-lamp-cloudy-white-draagbare-lantaarn";"https://smartsgadgets.eu/products/loome-lamp-cloudy-white-draagbare-lantaarn";"KOODUU";"Kooduu Loome Cloudy White – draagbare lantaarn en oplaadbare tafellamp";"draagbare lantaarn tafellamp";"1";"uniek";"Wat is de Kooduu Loome Cloudy White?";"De Kooduu Loome Cloudy White is een zeer draagbare lantaarn en tafellamp met diffuus, traploos dimbaar LED-licht. Hij heeft een ergonomische draagbeugel en een Scandinavisch geïnspireerd design. Je gebruikt hem draadloos voor ontspanning, lezen of gezelligheid."
"loome-lamp-cloudy-white-draagbare-lantaarn";"https://smartsgadgets.eu/products/loome-lamp-cloudy-white-draagbare-lantaarn";"KOODUU";"Kooduu Loome Cloudy White – draagbare lantaarn en oplaadbare tafellamp";"draagbare lantaarn tafellamp";"2";"uniek";"Hoe lang gaat de accu van de Loome Cloudy White mee?";"Tot 40 uur op één lading. Dankzij het USB-oplaadstation hoef je hem niet vaak op te laden."
"loome-lamp-cloudy-white-draagbare-lantaarn";"https://smartsgadgets.eu/products/loome-lamp-cloudy-white-draagbare-lantaarn";"KOODUU";"Kooduu Loome Cloudy White – draagbare lantaarn en oplaadbare tafellamp";"draagbare lantaarn tafellamp";"3";"uniek";"Kan ik de Kooduu Loome buiten gebruiken?";"Ja, volgens de productomschrijving is de Loome binnen en buiten inzetbaar. Laat hem niet in de regen staan en raadpleeg de handleiding voor de beste manier van onderhoud."
"loome-lamp-cloudy-white-draagbare-lantaarn";"https://smartsgadgets.eu/products/loome-lamp-cloudy-white-draagbare-lantaarn";"KOODUU";"Kooduu Loome Cloudy White – draagbare lantaarn en oplaadbare tafellamp";"draagbare lantaarn tafellamp";"4";"uniek";"Wat is het verschil tussen de Loome en de Sensa?";"Beide zijn oplaadbare tafellampen met dimbaar LED-licht en tot 40 uur accuduur. De Loome is een draagbare lantaarn met draagbeugel, de Sensa een minimalistische tafellamp zonder extra's. Kies de Loome als je hem vaak verplaatst."
"loome-lamp-cloudy-white-draagbare-lantaarn";"https://smartsgadgets.eu/products/loome-lamp-cloudy-white-draagbare-lantaarn";"KOODUU";"Kooduu Loome Cloudy White – draagbare lantaarn en oplaadbare tafellamp";"draagbare lantaarn tafellamp";"5";"uniek";"Past de kleur Cloudy White bij mijn interieur?";"Cloudy White is een lichte, zachte witte tint die rustig en fris oogt in lichte interieurs. De Loome is er in 5 kleuren: Antraciet, Cloudy White, Oranje, Smoky Teal en Mosgroen. Bekijk de productfoto's voor de exacte tint."
"loome-lamp-cloudy-white-draagbare-lantaarn";"https://smartsgadgets.eu/products/loome-lamp-cloudy-white-draagbare-lantaarn";"KOODUU";"Kooduu Loome Cloudy White – draagbare lantaarn en oplaadbare tafellamp";"draagbare lantaarn tafellamp";"6";"standaard";"Hoe snel kan ik de Kooduu Loome Cloudy White bezorgd krijgen en kan ik hem retourneren?";"Wij leveren in Nederland en België. Bestel je op werkdagen vóór 17:00 uur, dan verwerken we je bestelling dezelfde dag en ontvang je de Kooduu Loome Cloudy White meestal binnen 1 tot 3 werkdagen, met track-and-trace. Na ontvangst heb je 14 dagen bedenktijd (wettelijk herroepingsrecht). Je hebt recht op wettelijke garantie. Mail bij vragen of een defect naar info@smartsgadgets.eu of bel/app +31 (0)85 250 0837; we reageren binnen 1 werkdag."
"kooduu-loome-lamp-moss-draagbare-lantaarn";"https://smartsgadgets.eu/products/kooduu-loome-lamp-moss-draagbare-lantaarn";"KOODUU";"Kooduu Loome Moss – draagbare lantaarn en oplaadbare tafellamp";"draagbare lantaarn tafellamp";"1";"uniek";"Wat is de Kooduu Loome Moss?";"De Kooduu Loome Moss is een zeer draagbare lantaarn en tafellamp met diffuus, traploos dimbaar LED-licht. Hij heeft een ergonomische draagbeugel en een Scandinavisch geïnspireerd design. Je gebruikt hem draadloos voor ontspanning, lezen of gezelligheid."
"kooduu-loome-lamp-moss-draagbare-lantaarn";"https://smartsgadgets.eu/products/kooduu-loome-lamp-moss-draagbare-lantaarn";"KOODUU";"Kooduu Loome Moss – draagbare lantaarn en oplaadbare tafellamp";"draagbare lantaarn tafellamp";"2";"uniek";"Hoe lang gaat de accu van de Loome Moss mee?";"Tot 40 uur op één lading. Dankzij het USB-oplaadstation hoef je hem niet vaak op te laden."
"kooduu-loome-lamp-moss-draagbare-lantaarn";"https://smartsgadgets.eu/products/kooduu-loome-lamp-moss-draagbare-lantaarn";"KOODUU";"Kooduu Loome Moss – draagbare lantaarn en oplaadbare tafellamp";"draagbare lantaarn tafellamp";"3";"uniek";"Kan ik de Kooduu Loome buiten gebruiken?";"Ja, volgens de productomschrijving is de Loome binnen en buiten inzetbaar. Laat hem niet in de regen staan en raadpleeg de handleiding voor de beste manier van onderhoud."
"kooduu-loome-lamp-moss-draagbare-lantaarn";"https://smartsgadgets.eu/products/kooduu-loome-lamp-moss-draagbare-lantaarn";"KOODUU";"Kooduu Loome Moss – draagbare lantaarn en oplaadbare tafellamp";"draagbare lantaarn tafellamp";"4";"uniek";"Wat is het verschil tussen de Loome en de Sensa?";"Beide zijn oplaadbare tafellampen met dimbaar LED-licht en tot 40 uur accuduur. De Loome is een draagbare lantaarn met draagbeugel, de Sensa een minimalistische tafellamp zonder extra's. Kies de Loome als je hem vaak verplaatst."
"kooduu-loome-lamp-moss-draagbare-lantaarn";"https://smartsgadgets.eu/products/kooduu-loome-lamp-moss-draagbare-lantaarn";"KOODUU";"Kooduu Loome Moss – draagbare lantaarn en oplaadbare tafellamp";"draagbare lantaarn tafellamp";"5";"uniek";"Past de kleur Moss bij mijn interieur?";"Moss is een rustige mosgroene tint die warmte en natuur in huis brengt. De Loome is er in 5 kleuren: Antraciet, Cloudy White, Oranje, Smoky Teal en Mosgroen. Bekijk de productfoto's voor de exacte tint."
"kooduu-loome-lamp-moss-draagbare-lantaarn";"https://smartsgadgets.eu/products/kooduu-loome-lamp-moss-draagbare-lantaarn";"KOODUU";"Kooduu Loome Moss – draagbare lantaarn en oplaadbare tafellamp";"draagbare lantaarn tafellamp";"6";"standaard";"Hoe snel kan ik de Kooduu Loome Moss bezorgd krijgen en kan ik hem retourneren?";"Wij leveren in Nederland en België. Bestel je op werkdagen vóór 17:00 uur, dan verwerken we je bestelling dezelfde dag en ontvang je de Kooduu Loome Moss meestal binnen 1 tot 3 werkdagen, met track-and-trace. Na ontvangst heb je 14 dagen bedenktijd (wettelijk herroepingsrecht). Je hebt recht op wettelijke garantie. Mail bij vragen of een defect naar info@smartsgadgets.eu of bel/app +31 (0)85 250 0837; we reageren binnen 1 werkdag."
"meari-b1-slimme-ai-video-deurbel-2k-beveiligingscamera-met-ai-detectie-nachtzicht-tweeweg-audio-app-bediening";"https://smartsgadgets.eu/products/meari-b1-slimme-ai-video-deurbel-2k-beveiligingscamera-met-ai-detectie-nachtzicht-tweeweg-audio-app-bediening";"MEARI";"MEARI B1 slimme video-deurbel 2K met AI-detectie";"slimme deurbel met camera";"1";"uniek";"Wat is de MEARI B1 en wat kan deze slimme deurbel met camera?";"De MEARI B1 is een slimme video-deurbel met 2K-camera, AI-persoonsdetectie, nachtzicht en tweeweg-audio. Je krijgt een melding op je telefoon als iemand aanbelt of voor je deur staat, kijkt live mee in de MEARI-app en spreekt zelf met de bezoeker, ook als je niet thuis bent."
"meari-b1-slimme-ai-video-deurbel-2k-beveiligingscamera-met-ai-detectie-nachtzicht-tweeweg-audio-app-bediening";"https://smartsgadgets.eu/products/meari-b1-slimme-ai-video-deurbel-2k-beveiligingscamera-met-ai-detectie-nachtzicht-tweeweg-audio-app-bediening";"MEARI";"MEARI B1 slimme video-deurbel 2K met AI-detectie";"slimme deurbel met camera";"2";"uniek";"Heb ik bedrading nodig voor de MEARI B1?";"Nee, de MEARI B1 is een draadloze deurbel met een oplaadbare batterij. Je hebt geen bestaande bel-bedrading nodig, dus de installatie is eenvoudig, ook in een huurwoning. Laad de batterij op volgens de handleiding."
"meari-b1-slimme-ai-video-deurbel-2k-beveiligingscamera-met-ai-detectie-nachtzicht-tweeweg-audio-app-bediening";"https://smartsgadgets.eu/products/meari-b1-slimme-ai-video-deurbel-2k-beveiligingscamera-met-ai-detectie-nachtzicht-tweeweg-audio-app-bediening";"MEARI";"MEARI B1 slimme video-deurbel 2K met AI-detectie";"slimme deurbel met camera";"3";"uniek";"Hoe werkt AI-detectie op de MEARI B1 en voorkomt het valse meldingen?";"De AI-detectie herkent personen en beperkt meldingen die door bijvoorbeeld bladeren, schaduwen of voorbijrijdende auto's worden veroorzaakt. Zo krijg je minder irrelevante meldingen. Stel de gevoeligheid in de MEARI-app in op jouw situatie."
"meari-b1-slimme-ai-video-deurbel-2k-beveiligingscamera-met-ai-detectie-nachtzicht-tweeweg-audio-app-bediening";"https://smartsgadgets.eu/products/meari-b1-slimme-ai-video-deurbel-2k-beveiligingscamera-met-ai-detectie-nachtzicht-tweeweg-audio-app-bediening";"MEARI";"MEARI B1 slimme video-deurbel 2K met AI-detectie";"slimme deurbel met camera";"4";"uniek";"Is de MEARI B1 geschikt als deurbel zonder abonnement?";"Of je opslag in de cloud wilt, bepaal je zelf: lokale opslag en live kijken hebben bij slimme camera's meestal geen abonnement nodig, terwijl cloudopslag bij veel merken optioneel en betaald is. Controleer in de MEARI-app welke opslagopties beschikbaar zijn voordat je kiest."
"meari-b1-slimme-ai-video-deurbel-2k-beveiligingscamera-met-ai-detectie-nachtzicht-tweeweg-audio-app-bediening";"https://smartsgadgets.eu/products/meari-b1-slimme-ai-video-deurbel-2k-beveiligingscamera-met-ai-detectie-nachtzicht-tweeweg-audio-app-bediening";"MEARI";"MEARI B1 slimme video-deurbel 2K met AI-detectie";"slimme deurbel met camera";"5";"uniek";"Mag ik met een deurbelcamera de straat of mijn buren filmen?";"Volgens de Autoriteit Persoonsgegevens mag je je camera niet doelbewust op de openbare weg of op het terrein van je buren richten, ook niet met een videodeurbel. Richt de MEARI B1 op je eigen voordeur en zorg dat bezoekers weten dat ze gefilmd worden, bijvoorbeeld met een sticker. Bewaar beelden niet langer dan nodig; als richtlijn geldt maximaal vier weken."
"meari-b1-slimme-ai-video-deurbel-2k-beveiligingscamera-met-ai-detectie-nachtzicht-tweeweg-audio-app-bediening";"https://smartsgadgets.eu/products/meari-b1-slimme-ai-video-deurbel-2k-beveiligingscamera-met-ai-detectie-nachtzicht-tweeweg-audio-app-bediening";"MEARI";"MEARI B1 slimme video-deurbel 2K met AI-detectie";"slimme deurbel met camera";"6";"uniek";"Hoe scherp is het beeld van de MEARI B1 in het donker?";"De MEARI B1 heeft nachtzicht, zodat je bezoekers ook 's avonds en 's nachts herkent. Plaats de deurbel op ooghoogte en vermijd directe lichtbronnen in de lens voor het beste beeld."
"meari-b1-slimme-ai-video-deurbel-2k-beveiligingscamera-met-ai-detectie-nachtzicht-tweeweg-audio-app-bediening";"https://smartsgadgets.eu/products/meari-b1-slimme-ai-video-deurbel-2k-beveiligingscamera-met-ai-detectie-nachtzicht-tweeweg-audio-app-bediening";"MEARI";"MEARI B1 slimme video-deurbel 2K met AI-detectie";"slimme deurbel met camera";"7";"standaard";"Hoe snel kan ik de MEARI B1 bezorgd krijgen en kan ik hem retourneren?";"Wij leveren in Nederland en België. Bestel je op werkdagen vóór 17:00 uur, dan verwerken we je bestelling dezelfde dag en ontvang je de MEARI B1 meestal binnen 1 tot 3 werkdagen, met track-and-trace. Na ontvangst heb je 14 dagen bedenktijd (wettelijk herroepingsrecht). Je hebt recht op wettelijke garantie. Mail bij vragen of een defect naar info@smartsgadgets.eu of bel/app +31 (0)85 250 0837; we reageren binnen 1 werkdag."
"meari-g1-outdoor-4g-ptz-camera-3mp-beveiligingscamera-met-sim-kaart-slot-nachtzicht-auto-tracking-solar-support";"https://smartsgadgets.eu/products/meari-g1-outdoor-4g-ptz-camera-3mp-beveiligingscamera-met-sim-kaart-slot-nachtzicht-auto-tracking-solar-support";"MEARI";"MEARI G1 buitencamera 4G PTZ 3MP met simkaart-slot";"4g camera zonder wifi";"1";"uniek";"Wat is de MEARI G1 en voor welke situaties is een 4G-camera handig?";"De MEARI G1 is een 4G-buitencamera met PTZ (pan/tilt), 3 MP beeld en een simkaart-slot. Hij werkt waar geen wifi is, zoals op een stal, weiland, bouwplaats, tuinhuis, jachthaven of vakantiehuis. Je bekijkt live beeld en krijgt meldingen via de app."
"meari-g1-outdoor-4g-ptz-camera-3mp-beveiligingscamera-met-sim-kaart-slot-nachtzicht-auto-tracking-solar-support";"https://smartsgadgets.eu/products/meari-g1-outdoor-4g-ptz-camera-3mp-beveiligingscamera-met-sim-kaart-slot-nachtzicht-auto-tracking-solar-support";"MEARI";"MEARI G1 buitencamera 4G PTZ 3MP met simkaart-slot";"4g camera zonder wifi";"2";"uniek";"Heb ik een simkaart nodig en hoeveel data verbruikt de MEARI G1?";"Ja, plaats een 4G-simkaart met databundel in het simkaart-slot. Het dataverbruik hangt af van hoe vaak je live meekijkt en hoeveel bewegingen worden gedetecteerd. Gebruik AI-detectie en een passend abonnement of prepaid-bundel om onverwachte kosten te voorkomen."
"meari-g1-outdoor-4g-ptz-camera-3mp-beveiligingscamera-met-sim-kaart-slot-nachtzicht-auto-tracking-solar-support";"https://smartsgadgets.eu/products/meari-g1-outdoor-4g-ptz-camera-3mp-beveiligingscamera-met-sim-kaart-slot-nachtzicht-auto-tracking-solar-support";"MEARI";"MEARI G1 buitencamera 4G PTZ 3MP met simkaart-slot";"4g camera zonder wifi";"3";"uniek";"Kan ik de MEARI G1 op een zonnepaneel laten werken?";"De MEARI G1 ondersteunt een zonnepaneel (solar-ready), zodat je hem op locaties zonder stopcontact langdurig kunt laten draaien. Controleer op de productpagina of een paneel is meegeleverd of apart moet worden aangeschaft."
"meari-g1-outdoor-4g-ptz-camera-3mp-beveiligingscamera-met-sim-kaart-slot-nachtzicht-auto-tracking-solar-support";"https://smartsgadgets.eu/products/meari-g1-outdoor-4g-ptz-camera-3mp-beveiligingscamera-met-sim-kaart-slot-nachtzicht-auto-tracking-solar-support";"MEARI";"MEARI G1 buitencamera 4G PTZ 3MP met simkaart-slot";"4g camera zonder wifi";"4";"uniek";"Hoe groot is het draaibereik en wat doet auto-tracking?";"De PTZ-kop draait 355° horizontaal. Met auto-tracking volgt de camera een bewegende persoon automatisch, zodat hij in beeld blijft. Dat is handig op een groot erf of in een open ruimte."
"meari-g1-outdoor-4g-ptz-camera-3mp-beveiligingscamera-met-sim-kaart-slot-nachtzicht-auto-tracking-solar-support";"https://smartsgadgets.eu/products/meari-g1-outdoor-4g-ptz-camera-3mp-beveiligingscamera-met-sim-kaart-slot-nachtzicht-auto-tracking-solar-support";"MEARI";"MEARI G1 buitencamera 4G PTZ 3MP met simkaart-slot";"4g camera zonder wifi";"5";"uniek";"Heeft de MEARI G1 nachtzicht in kleur en tweeweg-audio?";"Ja. De MEARI G1 heeft full-colour nachtzicht voor duidelijke beelden in het donker en tweeweg-audio, zodat je via de app kunt praten met iemand bij de camera."
"meari-g1-outdoor-4g-ptz-camera-3mp-beveiligingscamera-met-sim-kaart-slot-nachtzicht-auto-tracking-solar-support";"https://smartsgadgets.eu/products/meari-g1-outdoor-4g-ptz-camera-3mp-beveiligingscamera-met-sim-kaart-slot-nachtzicht-auto-tracking-solar-support";"MEARI";"MEARI G1 buitencamera 4G PTZ 3MP met simkaart-slot";"4g camera zonder wifi";"6";"uniek";"Is de MEARI G1 weerbestendig voor buiten?";"De MEARI G1 is een buitencamera. Controleer de beschermingsklasse in de handleiding en plaats hem op een beschutte, stabiele plek. Zo verleng je de levensduur."
"meari-g1-outdoor-4g-ptz-camera-3mp-beveiligingscamera-met-sim-kaart-slot-nachtzicht-auto-tracking-solar-support";"https://smartsgadgets.eu/products/meari-g1-outdoor-4g-ptz-camera-3mp-beveiligingscamera-met-sim-kaart-slot-nachtzicht-auto-tracking-solar-support";"MEARI";"MEARI G1 buitencamera 4G PTZ 3MP met simkaart-slot";"4g camera zonder wifi";"7";"standaard";"Hoe snel kan ik de MEARI G1 bezorgd krijgen en kan ik hem retourneren?";"Wij leveren in Nederland en België. Bestel je op werkdagen vóór 17:00 uur, dan verwerken we je bestelling dezelfde dag en ontvang je de MEARI G1 meestal binnen 1 tot 3 werkdagen, met track-and-trace. Na ontvangst heb je 14 dagen bedenktijd (wettelijk herroepingsrecht). Je hebt recht op wettelijke garantie. Mail bij vragen of een defect naar info@smartsgadgets.eu of bel/app +31 (0)85 250 0837; we reageren binnen 1 werkdag."
"meari-l1-plus-slimme-schijnwerper-camera-2k-outdoor-beveiligingscamera-met-verlichting-ai-detectie-sirene";"https://smartsgadgets.eu/products/meari-l1-plus-slimme-schijnwerper-camera-2k-outdoor-beveiligingscamera-met-verlichting-ai-detectie-sirene";"MEARI";"MEARI L1 Plus schijnwerpercamera 2K met sirene";"camera met schijnwerper";"1";"uniek";"Wat is de MEARI L1 Plus en wat doet de schijnwerper?";"De MEARI L1 Plus is een buitencamera met ingebouwde LED-schijnwerper, sirene en 2K (4 MP) beeld. Bij beweging gaat het licht aan en kun je de sirene activeren om ongewenste bezoekers af te schrikken. Tegelijk kijk je live mee in de app."
"meari-l1-plus-slimme-schijnwerper-camera-2k-outdoor-beveiligingscamera-met-verlichting-ai-detectie-sirene";"https://smartsgadgets.eu/products/meari-l1-plus-slimme-schijnwerper-camera-2k-outdoor-beveiligingscamera-met-verlichting-ai-detectie-sirene";"MEARI";"MEARI L1 Plus schijnwerpercamera 2K met sirene";"camera met schijnwerper";"2";"uniek";"Wat is het verschil met een gewone beveiligingscamera buiten?";"Een schijnwerpercamera combineert verlichting, sirene en camera in één. Het licht verbetert het beeld in het donker en schrikt inbrekers af, terwijl de AI-detectie je een melding stuurt bij personen."
"meari-l1-plus-slimme-schijnwerper-camera-2k-outdoor-beveiligingscamera-met-verlichting-ai-detectie-sirene";"https://smartsgadgets.eu/products/meari-l1-plus-slimme-schijnwerper-camera-2k-outdoor-beveiligingscamera-met-verlichting-ai-detectie-sirene";"MEARI";"MEARI L1 Plus schijnwerpercamera 2K met sirene";"camera met schijnwerper";"3";"uniek";"Heeft de MEARI L1 Plus kleurennachtzicht en tweeweg-audio?";"Ja. De MEARI L1 Plus heeft full-colour nachtzicht en tweeweg-audio, zodat je via de app met bezoekers kunt praten."
"meari-l1-plus-slimme-schijnwerper-camera-2k-outdoor-beveiligingscamera-met-verlichting-ai-detectie-sirene";"https://smartsgadgets.eu/products/meari-l1-plus-slimme-schijnwerper-camera-2k-outdoor-beveiligingscamera-met-verlichting-ai-detectie-sirene";"MEARI";"MEARI L1 Plus schijnwerpercamera 2K met sirene";"camera met schijnwerper";"4";"uniek";"Werkt de MEARI L1 Plus met Alexa en Google Assistant?";"Ja, de MEARI L1 Plus werkt met Alexa en Google. Zo kun je het live beeld in een slimme display bekijken of de camera met spraakopdrachten aansturen."
"meari-l1-plus-slimme-schijnwerper-camera-2k-outdoor-beveiligingscamera-met-verlichting-ai-detectie-sirene";"https://smartsgadgets.eu/products/meari-l1-plus-slimme-schijnwerper-camera-2k-outdoor-beveiligingscamera-met-verlichting-ai-detectie-sirene";"MEARI";"MEARI L1 Plus schijnwerpercamera 2K met sirene";"camera met schijnwerper";"5";"uniek";"Waar moet ik de MEARI L1 Plus ophangen?";"Hang de camera onder een overkapping, bij voorkeur op 2,5 tot 3 meter hoogte, gericht op je eigen oprit of tuin. Richt niet op de openbare weg of op buren. Raadpleeg de handleiding voor de exacte montage- en voedingseisen."
"meari-l1-plus-slimme-schijnwerper-camera-2k-outdoor-beveiligingscamera-met-verlichting-ai-detectie-sirene";"https://smartsgadgets.eu/products/meari-l1-plus-slimme-schijnwerper-camera-2k-outdoor-beveiligingscamera-met-verlichting-ai-detectie-sirene";"MEARI";"MEARI L1 Plus schijnwerpercamera 2K met sirene";"camera met schijnwerper";"6";"standaard";"Hoe snel kan ik de MEARI L1 Plus bezorgd krijgen en kan ik hem retourneren?";"Wij leveren in Nederland en België. Bestel je op werkdagen vóór 17:00 uur, dan verwerken we je bestelling dezelfde dag en ontvang je de MEARI L1 Plus meestal binnen 1 tot 3 werkdagen, met track-and-trace. Na ontvangst heb je 14 dagen bedenktijd (wettelijk herroepingsrecht). Je hebt recht op wettelijke garantie. Mail bij vragen of een defect naar info@smartsgadgets.eu of bel/app +31 (0)85 250 0837; we reageren binnen 1 werkdag."
"meari-n2-outdoor-ai-beveiligingscamera-3mp-ptz-wifi-camera-met-batterij-solar-support-nachtzicht-auto-tracking";"https://smartsgadgets.eu/products/meari-n2-outdoor-ai-beveiligingscamera-3mp-ptz-wifi-camera-met-batterij-solar-support-nachtzicht-auto-tracking";"MEARI";"MEARI N2 buitencamera op batterij 3MP PTZ met zonne-energie-ondersteuning";"draadloze beveiligingscamera buiten op batterij";"1";"uniek";"Wat is de MEARI N2 en hoe verschilt hij van een bedrade camera?";"De MEARI N2 is een draadloze wifi-buitencamera op batterij met 3 MP beeld, 355° PTZ, AI-persoonsdetectie en full-colour nachtzicht. Je hoeft geen stroomkabel te leggen, dus je plaatst hem waar jij wilt: aan de gevel, het tuinhuis of de schuur."
"meari-n2-outdoor-ai-beveiligingscamera-3mp-ptz-wifi-camera-met-batterij-solar-support-nachtzicht-auto-tracking";"https://smartsgadgets.eu/products/meari-n2-outdoor-ai-beveiligingscamera-3mp-ptz-wifi-camera-met-batterij-solar-support-nachtzicht-auto-tracking";"MEARI";"MEARI N2 buitencamera op batterij 3MP PTZ met zonne-energie-ondersteuning";"draadloze beveiligingscamera buiten op batterij";"2";"uniek";"Hoe lang gaat de batterij van de MEARI N2 mee en kan ik een zonnepaneel gebruiken?";"De batterijduur hangt af van hoe vaak de camera wordt geactiveerd. De MEARI N2 is solar-ready, dus je kunt een zonnepaneel aansluiten voor continue stroom, zonder zelf de batterij te hoeven opladen. Controleer de productpagina of een paneel is meegeleverd."
"meari-n2-outdoor-ai-beveiligingscamera-3mp-ptz-wifi-camera-met-batterij-solar-support-nachtzicht-auto-tracking";"https://smartsgadgets.eu/products/meari-n2-outdoor-ai-beveiligingscamera-3mp-ptz-wifi-camera-met-batterij-solar-support-nachtzicht-auto-tracking";"MEARI";"MEARI N2 buitencamera op batterij 3MP PTZ met zonne-energie-ondersteuning";"draadloze beveiligingscamera buiten op batterij";"3";"uniek";"Wat doet auto-tracking en hoe ver draait de camera?";"De camera draait 355° (PTZ) en volgt met auto-tracking bewegende personen. Zo blijft de persoon in beeld, ook als hij door de tuin loopt."
"meari-n2-outdoor-ai-beveiligingscamera-3mp-ptz-wifi-camera-met-batterij-solar-support-nachtzicht-auto-tracking";"https://smartsgadgets.eu/products/meari-n2-outdoor-ai-beveiligingscamera-3mp-ptz-wifi-camera-met-batterij-solar-support-nachtzicht-auto-tracking";"MEARI";"MEARI N2 buitencamera op batterij 3MP PTZ met zonne-energie-ondersteuning";"draadloze beveiligingscamera buiten op batterij";"4";"uniek";"Hoe werkt AI-persoonsdetectie op de MEARI N2?";"De AI-detectie onderscheidt personen van bijvoorbeeld dieren of bewegende takken, zodat je minder valse meldingen krijgt. Je stelt de gevoeligheid en detectiezones in via de MEARI-app."
"meari-n2-outdoor-ai-beveiligingscamera-3mp-ptz-wifi-camera-met-batterij-solar-support-nachtzicht-auto-tracking";"https://smartsgadgets.eu/products/meari-n2-outdoor-ai-beveiligingscamera-3mp-ptz-wifi-camera-met-batterij-solar-support-nachtzicht-auto-tracking";"MEARI";"MEARI N2 buitencamera op batterij 3MP PTZ met zonne-energie-ondersteuning";"draadloze beveiligingscamera buiten op batterij";"5";"uniek";"Heb ik wifi nodig voor de MEARI N2?";"Ja, de MEARI N2 is een wifi-camera. Zorg voor een stabiele wifi-verbinding op de plek waar je hem monteert. Is er geen wifi, kijk dan naar de 4G-camera MEARI G1."
"meari-n2-outdoor-ai-beveiligingscamera-3mp-ptz-wifi-camera-met-batterij-solar-support-nachtzicht-auto-tracking";"https://smartsgadgets.eu/products/meari-n2-outdoor-ai-beveiligingscamera-3mp-ptz-wifi-camera-met-batterij-solar-support-nachtzicht-auto-tracking";"MEARI";"MEARI N2 buitencamera op batterij 3MP PTZ met zonne-energie-ondersteuning";"draadloze beveiligingscamera buiten op batterij";"6";"standaard";"Hoe snel kan ik de MEARI N2 bezorgd krijgen en kan ik hem retourneren?";"Wij leveren in Nederland en België. Bestel je op werkdagen vóór 17:00 uur, dan verwerken we je bestelling dezelfde dag en ontvang je de MEARI N2 meestal binnen 1 tot 3 werkdagen, met track-and-trace. Na ontvangst heb je 14 dagen bedenktijd (wettelijk herroepingsrecht). Je hebt recht op wettelijke garantie. Mail bij vragen of een defect naar info@smartsgadgets.eu of bel/app +31 (0)85 250 0837; we reageren binnen 1 werkdag."
"meari-s1-plus-ai-beveiligingscamera-binnen-huisdiercamera-met-app-beveiligingscameras-wifi-camera-app-2k-qhd-volgt-beweging-en-geluidsdetectie-bewakingscamera";"https://smartsgadgets.eu/products/meari-s1-plus-ai-beveiligingscamera-binnen-huisdiercamera-met-app-beveiligingscameras-wifi-camera-app-2k-qhd-volgt-beweging-en-geluidsdetectie-bewakingscamera";"MEARI";"MEARI S1 Plus binnencamera 2K QHD met bewegings- en geluidsdetectie";"huisdiercamera";"1";"uniek";"Wat is de MEARI S1 Plus en waarvoor gebruik ik hem?";"De MEARI S1 Plus is een wifi-binnencamera met 2K QHD-beeld, 180° draaibereik en 120° groothoeklens. Je gebruikt hem als huisdiercamera, babyfoon of beveiligingscamera binnenshuis en bekijkt alles live via de app."
"meari-s1-plus-ai-beveiligingscamera-binnen-huisdiercamera-met-app-beveiligingscameras-wifi-camera-app-2k-qhd-volgt-beweging-en-geluidsdetectie-bewakingscamera";"https://smartsgadgets.eu/products/meari-s1-plus-ai-beveiligingscamera-binnen-huisdiercamera-met-app-beveiligingscameras-wifi-camera-app-2k-qhd-volgt-beweging-en-geluidsdetectie-bewakingscamera";"MEARI";"MEARI S1 Plus binnencamera 2K QHD met bewegings- en geluidsdetectie";"huisdiercamera";"2";"uniek";"Is de MEARI S1 Plus geschikt als huisdiercamera of babyfoon?";"Ja. De camera detecteert beweging en geluid, waaronder een huilende baby of een blaffende hond, en stuurt je een melding. Een professionele babyfoon vervangt hij niet: gebruik hem als extra, nooit als enige toezicht."
"meari-s1-plus-ai-beveiligingscamera-binnen-huisdiercamera-met-app-beveiligingscameras-wifi-camera-app-2k-qhd-volgt-beweging-en-geluidsdetectie-bewakingscamera";"https://smartsgadgets.eu/products/meari-s1-plus-ai-beveiligingscamera-binnen-huisdiercamera-met-app-beveiligingscameras-wifi-camera-app-2k-qhd-volgt-beweging-en-geluidsdetectie-bewakingscamera";"MEARI";"MEARI S1 Plus binnencamera 2K QHD met bewegings- en geluidsdetectie";"huisdiercamera";"3";"uniek";"Volgt de camera beweging en hoe groot is het kijkveld?";"Ja, de MEARI S1 Plus volgt beweging en draait 180°. Samen met de 120° groothoeklens dekt hij een grote kamer af."
"meari-s1-plus-ai-beveiligingscamera-binnen-huisdiercamera-met-app-beveiligingscameras-wifi-camera-app-2k-qhd-volgt-beweging-en-geluidsdetectie-bewakingscamera";"https://smartsgadgets.eu/products/meari-s1-plus-ai-beveiligingscamera-binnen-huisdiercamera-met-app-beveiligingscameras-wifi-camera-app-2k-qhd-volgt-beweging-en-geluidsdetectie-bewakingscamera";"MEARI";"MEARI S1 Plus binnencamera 2K QHD met bewegings- en geluidsdetectie";"huisdiercamera";"4";"uniek";"Wat betekent 2K QHD voor beeldkwaliteit?";"2K QHD geeft scherper beeld dan Full HD, waardoor je details zoals een gezicht of de speelgoedhoek duidelijker ziet. Zorg voor een goede wifi-verbinding voor de beste kwaliteit."
"meari-s1-plus-ai-beveiligingscamera-binnen-huisdiercamera-met-app-beveiligingscameras-wifi-camera-app-2k-qhd-volgt-beweging-en-geluidsdetectie-bewakingscamera";"https://smartsgadgets.eu/products/meari-s1-plus-ai-beveiligingscamera-binnen-huisdiercamera-met-app-beveiligingscameras-wifi-camera-app-2k-qhd-volgt-beweging-en-geluidsdetectie-bewakingscamera";"MEARI";"MEARI S1 Plus binnencamera 2K QHD met bewegings- en geluidsdetectie";"huisdiercamera";"5";"uniek";"Hoe veilig is een wifi-binnencamera voor mijn privacy?";"Gebruik een sterk wachtwoord, houd de app up-to-date en gebruik een goed beveiligd wifi-netwerk (WPA2 of WPA3). Zo beperk je het risico op ongewenste toegang."
"meari-s1-plus-ai-beveiligingscamera-binnen-huisdiercamera-met-app-beveiligingscameras-wifi-camera-app-2k-qhd-volgt-beweging-en-geluidsdetectie-bewakingscamera";"https://smartsgadgets.eu/products/meari-s1-plus-ai-beveiligingscamera-binnen-huisdiercamera-met-app-beveiligingscameras-wifi-camera-app-2k-qhd-volgt-beweging-en-geluidsdetectie-bewakingscamera";"MEARI";"MEARI S1 Plus binnencamera 2K QHD met bewegings- en geluidsdetectie";"huisdiercamera";"6";"standaard";"Hoe snel kan ik de MEARI S1 Plus bezorgd krijgen en kan ik hem retourneren?";"Wij leveren in Nederland en België. Bestel je op werkdagen vóór 17:00 uur, dan verwerken we je bestelling dezelfde dag en ontvang je de MEARI S1 Plus meestal binnen 1 tot 3 werkdagen, met track-and-trace. Na ontvangst heb je 14 dagen bedenktijd (wettelijk herroepingsrecht). Je hebt recht op wettelijke garantie. Mail bij vragen of een defect naar info@smartsgadgets.eu of bel/app +31 (0)85 250 0837; we reageren binnen 1 werkdag."
"meari-s2-plus-outdoor-ai-beveiligingscamera-2k-4mp-ptz-wifi-camera-met-auto-tracking-nachtzicht-tweeweg-audio";"https://smartsgadgets.eu/products/meari-s2-plus-outdoor-ai-beveiligingscamera-2k-4mp-ptz-wifi-camera-met-auto-tracking-nachtzicht-tweeweg-audio";"MEARI";"MEARI S2 Plus buitencamera 2K 4MP met 360° PTZ en auto-tracking";"beveiligingscamera buiten met opname";"1";"uniek";"Wat is de MEARI S2 Plus en wat kan hij?";"De MEARI S2 Plus is een wifi-buitencamera met 2K (4 MP) beeld, 360° PTZ, auto-tracking, full-colour nachtzicht en tweeweg-audio. Je kijkt live mee en krijgt meldingen bij beweging."
"meari-s2-plus-outdoor-ai-beveiligingscamera-2k-4mp-ptz-wifi-camera-met-auto-tracking-nachtzicht-tweeweg-audio";"https://smartsgadgets.eu/products/meari-s2-plus-outdoor-ai-beveiligingscamera-2k-4mp-ptz-wifi-camera-met-auto-tracking-nachtzicht-tweeweg-audio";"MEARI";"MEARI S2 Plus buitencamera 2K 4MP met 360° PTZ en auto-tracking";"beveiligingscamera buiten met opname";"2";"uniek";"Is de MEARI S2 Plus waterdicht?";"De MEARI S2 Plus heeft IP65-bescherming tegen stof en waterstralen. Hij kan dus buiten hangen, ook bij regen. Plaats hem toch bij voorkeur beschut voor een lange levensduur."
"meari-s2-plus-outdoor-ai-beveiligingscamera-2k-4mp-ptz-wifi-camera-met-auto-tracking-nachtzicht-tweeweg-audio";"https://smartsgadgets.eu/products/meari-s2-plus-outdoor-ai-beveiligingscamera-2k-4mp-ptz-wifi-camera-met-auto-tracking-nachtzicht-tweeweg-audio";"MEARI";"MEARI S2 Plus buitencamera 2K 4MP met 360° PTZ en auto-tracking";"beveiligingscamera buiten met opname";"3";"uniek";"Waar sla ik de beelden van de MEARI S2 Plus op?";"Je kunt beelden lokaal opslaan op een microSD-kaart of in de cloud. Een microSD-kaart is handig voor wie geen maandelijkse kosten wil; cloudopslag biedt extra zekerheid als de camera wordt weggenomen."
"meari-s2-plus-outdoor-ai-beveiligingscamera-2k-4mp-ptz-wifi-camera-met-auto-tracking-nachtzicht-tweeweg-audio";"https://smartsgadgets.eu/products/meari-s2-plus-outdoor-ai-beveiligingscamera-2k-4mp-ptz-wifi-camera-met-auto-tracking-nachtzicht-tweeweg-audio";"MEARI";"MEARI S2 Plus buitencamera 2K 4MP met 360° PTZ en auto-tracking";"beveiligingscamera buiten met opname";"4";"uniek";"Hoe werkt auto-tracking op de MEARI S2 Plus?";"Met auto-tracking en 360° PTZ volgt de camera een persoon automatisch door beeld. Zo hoef je zelf niet constant bij te sturen."
"meari-s2-plus-outdoor-ai-beveiligingscamera-2k-4mp-ptz-wifi-camera-met-auto-tracking-nachtzicht-tweeweg-audio";"https://smartsgadgets.eu/products/meari-s2-plus-outdoor-ai-beveiligingscamera-2k-4mp-ptz-wifi-camera-met-auto-tracking-nachtzicht-tweeweg-audio";"MEARI";"MEARI S2 Plus buitencamera 2K 4MP met 360° PTZ en auto-tracking";"beveiligingscamera buiten met opname";"5";"uniek";"Hoe installeer ik de MEARI S2 Plus buiten?";"Monteer de camera op een stabiele plek, op 2,5 tot 3 meter hoogte, binnen bereik van je wifi. Richt hem op je eigen terrein, niet op de openbare weg of op buren. Zie de handleiding voor stappen en voeding."
"meari-s2-plus-outdoor-ai-beveiligingscamera-2k-4mp-ptz-wifi-camera-met-auto-tracking-nachtzicht-tweeweg-audio";"https://smartsgadgets.eu/products/meari-s2-plus-outdoor-ai-beveiligingscamera-2k-4mp-ptz-wifi-camera-met-auto-tracking-nachtzicht-tweeweg-audio";"MEARI";"MEARI S2 Plus buitencamera 2K 4MP met 360° PTZ en auto-tracking";"beveiligingscamera buiten met opname";"6";"standaard";"Hoe snel kan ik de MEARI S2 Plus bezorgd krijgen en kan ik hem retourneren?";"Wij leveren in Nederland en België. Bestel je op werkdagen vóór 17:00 uur, dan verwerken we je bestelling dezelfde dag en ontvang je de MEARI S2 Plus meestal binnen 1 tot 3 werkdagen, met track-and-trace. Na ontvangst heb je 14 dagen bedenktijd (wettelijk herroepingsrecht). Je hebt recht op wettelijke garantie. Mail bij vragen of een defect naar info@smartsgadgets.eu of bel/app +31 (0)85 250 0837; we reageren binnen 1 werkdag."
"movespeed-gd10-slimme-ssd-touchscreen-apple-find-my-1050mbs";"https://smartsgadgets.eu/products/movespeed-gd10-slimme-ssd-touchscreen-apple-find-my-1050mbs";"MOVESPEED";"MOVESPEED GD10 slimme SSD 1 TB met touchscreen en Apple Find My";"externe ssd met touchscreen";"1";"uniek";"Wat is de MOVESPEED GD10 en wat maakt hem bijzonder?";"De MOVESPEED GD10 is een externe SSD van 1 TB met een touchscreen, een behuizing van zinklegering en snelheden tot 1050 MB/s. Op het scherm zie je onder meer temperatuur en snelheid, en je beveiligt je data met een wachtwoord via het touchscreen."
"movespeed-gd10-slimme-ssd-touchscreen-apple-find-my-1050mbs";"https://smartsgadgets.eu/products/movespeed-gd10-slimme-ssd-touchscreen-apple-find-my-1050mbs";"MOVESPEED";"MOVESPEED GD10 slimme SSD 1 TB met touchscreen en Apple Find My";"externe ssd met touchscreen";"2";"uniek";"Hoe beveilig ik mijn bestanden met het wachtwoord op de GD10?";"Je stelt een wachtwoord in via het touchscreen op de SSD zelf, zodat je geen software nodig hebt. Bewaar je wachtwoord veilig: zonder wachtwoord kom je niet bij je bestanden."
"movespeed-gd10-slimme-ssd-touchscreen-apple-find-my-1050mbs";"https://smartsgadgets.eu/products/movespeed-gd10-slimme-ssd-touchscreen-apple-find-my-1050mbs";"MOVESPEED";"MOVESPEED GD10 slimme SSD 1 TB met touchscreen en Apple Find My";"externe ssd met touchscreen";"3";"uniek";"Kan ik de GD10 terugvinden met Apple Find My?";"De MOVESPEED GD10 is geschikt voor Apple Find My (zie productomschrijving). Zo kun je een kwijtgeraakte schijf lokaliseren via de Zoek mijn-app op je iPhone, iPad of Mac."
"movespeed-gd10-slimme-ssd-touchscreen-apple-find-my-1050mbs";"https://smartsgadgets.eu/products/movespeed-gd10-slimme-ssd-touchscreen-apple-find-my-1050mbs";"MOVESPEED";"MOVESPEED GD10 slimme SSD 1 TB met touchscreen en Apple Find My";"externe ssd met touchscreen";"4";"uniek";"Werkt de GD10 met Mac, Windows, iPhone en Android?";"Een USB-SSD werkt in de regel met Windows en macOS, en met telefoons en tablets die externe opslag via USB-C ondersteunen. Controleer de compatibiliteit van je eigen apparaat en het bestandssysteem (bijvoorbeeld exFAT voor gebruik op zowel Mac als Windows)."
"movespeed-gd10-slimme-ssd-touchscreen-apple-find-my-1050mbs";"https://smartsgadgets.eu/products/movespeed-gd10-slimme-ssd-touchscreen-apple-find-my-1050mbs";"MOVESPEED";"MOVESPEED GD10 slimme SSD 1 TB met touchscreen en Apple Find My";"externe ssd met touchscreen";"5";"uniek";"Is een externe SSD beter dan een externe harde schijf?";"Een SSD heeft geen draaiende onderdelen en is daardoor sneller, stiller en schokbestendiger. Een externe SSD kan tot 25 keer sneller zijn dan een externe harde schijf, volgens Coolblue. Een HDD biedt vaak meer opslag per euro."
"movespeed-gd10-slimme-ssd-touchscreen-apple-find-my-1050mbs";"https://smartsgadgets.eu/products/movespeed-gd10-slimme-ssd-touchscreen-apple-find-my-1050mbs";"MOVESPEED";"MOVESPEED GD10 slimme SSD 1 TB met touchscreen en Apple Find My";"externe ssd met touchscreen";"6";"uniek";"Wat betekent 1050 MB/s in de praktijk?";"Met tot 1050 MB/s kopieer je grote bestanden, zoals 4K-video's of foto-albums, snel. De werkelijke snelheid hangt af van je USB-poort, kabel en bestanden. Gebruik een snelle USB-poort voor het beste resultaat."
"movespeed-gd10-slimme-ssd-touchscreen-apple-find-my-1050mbs";"https://smartsgadgets.eu/products/movespeed-gd10-slimme-ssd-touchscreen-apple-find-my-1050mbs";"MOVESPEED";"MOVESPEED GD10 slimme SSD 1 TB met touchscreen en Apple Find My";"externe ssd met touchscreen";"7";"standaard";"Hoe snel kan ik de MOVESPEED GD10 bezorgd krijgen en kan ik hem retourneren?";"Wij leveren in Nederland en België. Bestel je op werkdagen vóór 17:00 uur, dan verwerken we je bestelling dezelfde dag en ontvang je de MOVESPEED GD10 meestal binnen 1 tot 3 werkdagen, met track-and-trace. Na ontvangst heb je 14 dagen bedenktijd (wettelijk herroepingsrecht). Je hebt recht op wettelijke garantie. Mail bij vragen of een defect naar info@smartsgadgets.eu of bel/app +31 (0)85 250 0837; we reageren binnen 1 werkdag."
"movespeed-nt10-256gb-ssd-flash-drive-1000mbs-magnetische-kap";"https://smartsgadgets.eu/products/movespeed-nt10-256gb-ssd-flash-drive-1000mbs-magnetische-kap";"MOVESPEED";"MOVESPEED NT10 256 GB SSD-stick 1000 MB/s met magnetische dop";"usb stick 256gb snel";"1";"uniek";"Wat is de MOVESPEED NT10?";"De MOVESPEED NT10 is een SSD-flash drive van 256 GB met tot 1000 MB/s snelheid, een volledig metalen behuizing, een magnetische dop en zowel USB-C als USB-A. Je gebruikt hem als snelle, compacte opslag voor laptop, desktop en telefoon."
"movespeed-nt10-256gb-ssd-flash-drive-1000mbs-magnetische-kap";"https://smartsgadgets.eu/products/movespeed-nt10-256gb-ssd-flash-drive-1000mbs-magnetische-kap";"MOVESPEED";"MOVESPEED NT10 256 GB SSD-stick 1000 MB/s met magnetische dop";"usb stick 256gb snel";"2";"uniek";"Wat is het verschil tussen een SSD-stick en een gewone USB-stick?";"Een SSD-stick zoals de NT10 gebruikt SSD-technologie en is daardoor veel sneller dan een standaard USB-stick, zeker bij grote bestanden. Een gewone USB-stick is goedkoper, maar trager."
"movespeed-nt10-256gb-ssd-flash-drive-1000mbs-magnetische-kap";"https://smartsgadgets.eu/products/movespeed-nt10-256gb-ssd-flash-drive-1000mbs-magnetische-kap";"MOVESPEED";"MOVESPEED NT10 256 GB SSD-stick 1000 MB/s met magnetische dop";"usb stick 256gb snel";"3";"uniek";"Werkt de NT10 op zowel laptop als telefoon?";"Ja. Dankzij de combinatie USB-C en USB-A kun je de NT10 gebruiken op de meeste laptops en computers, en op telefoons of tablets met USB-C die externe opslag ondersteunen."
"movespeed-nt10-256gb-ssd-flash-drive-1000mbs-magnetische-kap";"https://smartsgadgets.eu/products/movespeed-nt10-256gb-ssd-flash-drive-1000mbs-magnetische-kap";"MOVESPEED";"MOVESPEED NT10 256 GB SSD-stick 1000 MB/s met magnetische dop";"usb stick 256gb snel";"4";"uniek";"Waarvoor is de magnetische dop handig?";"De magnetische dop zit stevig vast en raakt minder snel kwijt. Daarmee beschermt hij de connectoren in je tas of broekzak."
"movespeed-nt10-256gb-ssd-flash-drive-1000mbs-magnetische-kap";"https://smartsgadgets.eu/products/movespeed-nt10-256gb-ssd-flash-drive-1000mbs-magnetische-kap";"MOVESPEED";"MOVESPEED NT10 256 GB SSD-stick 1000 MB/s met magnetische dop";"usb stick 256gb snel";"5";"uniek";"Hoeveel foto's of video's passen er op 256 GB?";"Op 256 GB passen tienduizenden foto's of tientallen uren Full HD-video, afhankelijk van bestandsgrootte en resolutie. Voor veel 4K-video's kun je beter een grotere SSD kiezen."
"movespeed-nt10-256gb-ssd-flash-drive-1000mbs-magnetische-kap";"https://smartsgadgets.eu/products/movespeed-nt10-256gb-ssd-flash-drive-1000mbs-magnetische-kap";"MOVESPEED";"MOVESPEED NT10 256 GB SSD-stick 1000 MB/s met magnetische dop";"usb stick 256gb snel";"6";"standaard";"Hoe snel kan ik de MOVESPEED NT10 bezorgd krijgen en kan ik hem retourneren?";"Wij leveren in Nederland en België. Bestel je op werkdagen vóór 17:00 uur, dan verwerken we je bestelling dezelfde dag en ontvang je de MOVESPEED NT10 meestal binnen 1 tot 3 werkdagen, met track-and-trace. Na ontvangst heb je 14 dagen bedenktijd (wettelijk herroepingsrecht). Je hebt recht op wettelijke garantie. Mail bij vragen of een defect naar info@smartsgadgets.eu of bel/app +31 (0)85 250 0837; we reageren binnen 1 werkdag."
"movespeed-seeu-su10-slimme-ssd-drive-1090mbs-smart-display";"https://smartsgadgets.eu/products/movespeed-seeu-su10-slimme-ssd-drive-1090mbs-smart-display";"MOVESPEED";"MOVESPEED SeeU SU10 256 GB SSD-drive met slim display";"ssd usb stick met display";"1";"uniek";"Wat is de MOVESPEED SeeU SU10?";"De MOVESPEED SeeU SU10 is een compacte SSD-drive van 256 GB met USB 3.2 Gen2, snelheden tot 1090 MB/s en een ingebouwd slim display. Daarop zie je direct belangrijke informatie over de schijf."
"movespeed-seeu-su10-slimme-ssd-drive-1090mbs-smart-display";"https://smartsgadgets.eu/products/movespeed-seeu-su10-slimme-ssd-drive-1090mbs-smart-display";"MOVESPEED";"MOVESPEED SeeU SU10 256 GB SSD-drive met slim display";"ssd usb stick met display";"2";"uniek";"Wat toont het slimme display op de SU10?";"Het ingebouwde display geeft je direct inzicht in de status van je schijf, zodat je niet hoeft te gokken. Raadpleeg de handleiding voor de exacte weergaven."
"movespeed-seeu-su10-slimme-ssd-drive-1090mbs-smart-display";"https://smartsgadgets.eu/products/movespeed-seeu-su10-slimme-ssd-drive-1090mbs-smart-display";"MOVESPEED";"MOVESPEED SeeU SU10 256 GB SSD-drive met slim display";"ssd usb stick met display";"3";"uniek";"Wat betekent USB 3.2 Gen2 en welke poort heb ik nodig?";"USB 3.2 Gen2 is een snelle USB-standaard (tot 10 Gbit/s). Voor de maximale snelheid van 1090 MB/s heb je een compatibele poort nodig. Op een langzamere poort werkt de schijf ook, maar trager."
"movespeed-seeu-su10-slimme-ssd-drive-1090mbs-smart-display";"https://smartsgadgets.eu/products/movespeed-seeu-su10-slimme-ssd-drive-1090mbs-smart-display";"MOVESPEED";"MOVESPEED SeeU SU10 256 GB SSD-drive met slim display";"ssd usb stick met display";"4";"uniek";"Is de SU10 geschikt voor video-editing en back-ups?";"Ja, door de hoge snelheid kopieer je grote bestanden snel en kun je foto's en video's rechtstreeks vanaf de SSD bewerken. Maak voor belangrijke data altijd een tweede back-up op een andere plek."
"movespeed-seeu-su10-slimme-ssd-drive-1090mbs-smart-display";"https://smartsgadgets.eu/products/movespeed-seeu-su10-slimme-ssd-drive-1090mbs-smart-display";"MOVESPEED";"MOVESPEED SeeU SU10 256 GB SSD-drive met slim display";"ssd usb stick met display";"5";"uniek";"Is een SSD-stick met display handiger dan een gewone externe SSD?";"Een SSD-stick is compacter en past in je zak of tas. Het display geeft extra inzicht in de status. Wil je veel meer opslag, dan kies je een grotere externe SSD."
"movespeed-seeu-su10-slimme-ssd-drive-1090mbs-smart-display";"https://smartsgadgets.eu/products/movespeed-seeu-su10-slimme-ssd-drive-1090mbs-smart-display";"MOVESPEED";"MOVESPEED SeeU SU10 256 GB SSD-drive met slim display";"ssd usb stick met display";"6";"standaard";"Hoe snel kan ik de MOVESPEED SeeU SU10 bezorgd krijgen en kan ik hem retourneren?";"Wij leveren in Nederland en België. Bestel je op werkdagen vóór 17:00 uur, dan verwerken we je bestelling dezelfde dag en ontvang je de MOVESPEED SeeU SU10 meestal binnen 1 tot 3 werkdagen, met track-and-trace. Na ontvangst heb je 14 dagen bedenktijd (wettelijk herroepingsrecht). Je hebt recht op wettelijke garantie. Mail bij vragen of een defect naar info@smartsgadgets.eu of bel/app +31 (0)85 250 0837; we reageren binnen 1 werkdag."
"movespeed-sp20-256gb-ultra-speed-ssd-flash-drive-2100mbs";"https://smartsgadgets.eu/products/movespeed-sp20-256gb-ultra-speed-ssd-flash-drive-2100mbs";"MOVESPEED";"MOVESPEED SP20 256 GB ultrasnelle SSD-stick 2100 MB/s";"snelle usb ssd stick 2100 mb/s";"1";"uniek";"Wat is de MOVESPEED SP20?";"De MOVESPEED SP20 is een ultrasnelle SSD-flash drive van 256 GB met snelheden tot 2100 MB/s. Hij heeft een push-pull ontwerp met drie standen dat zowel USB-A als USB-C beschermt."
"movespeed-sp20-256gb-ultra-speed-ssd-flash-drive-2100mbs";"https://smartsgadgets.eu/products/movespeed-sp20-256gb-ultra-speed-ssd-flash-drive-2100mbs";"MOVESPEED";"MOVESPEED SP20 256 GB ultrasnelle SSD-stick 2100 MB/s";"snelle usb ssd stick 2100 mb/s";"2";"uniek";"Hoe werkt het push-pull ontwerp met 3 standen?";"Het push-pull ontwerp werkt in drie stappen: je schuift de connector die je nodig hebt naar buiten, en het ontwerp beschermt zowel de USB-A- als de USB-C-aansluiting als je de stick niet gebruikt. Er is geen losse dop die kwijt kan raken."
"movespeed-sp20-256gb-ultra-speed-ssd-flash-drive-2100mbs";"https://smartsgadgets.eu/products/movespeed-sp20-256gb-ultra-speed-ssd-flash-drive-2100mbs";"MOVESPEED";"MOVESPEED SP20 256 GB ultrasnelle SSD-stick 2100 MB/s";"snelle usb ssd stick 2100 mb/s";"3";"uniek";"Hoe haal ik 2100 MB/s uit de SP20?";"Voor de maximale snelheid is een snelle USB-poort nodig die dit ondersteunt. Op langzamere poorten werkt de SP20 ook, maar met lagere snelheid. Controleer de specificaties van je computer."
"movespeed-sp20-256gb-ultra-speed-ssd-flash-drive-2100mbs";"https://smartsgadgets.eu/products/movespeed-sp20-256gb-ultra-speed-ssd-flash-drive-2100mbs";"MOVESPEED";"MOVESPEED SP20 256 GB ultrasnelle SSD-stick 2100 MB/s";"snelle usb ssd stick 2100 mb/s";"4";"uniek";"Is de SP20 geschikt voor 4K-video en grote bestanden?";"Ja. Door de hoge snelheid kopieer je grote video's en projecten snel en kun je werken vanaf de stick. Houd van belangrijke bestanden altijd een back-up."
"movespeed-sp20-256gb-ultra-speed-ssd-flash-drive-2100mbs";"https://smartsgadgets.eu/products/movespeed-sp20-256gb-ultra-speed-ssd-flash-drive-2100mbs";"MOVESPEED";"MOVESPEED SP20 256 GB ultrasnelle SSD-stick 2100 MB/s";"snelle usb ssd stick 2100 mb/s";"5";"uniek";"Wat is het verschil tussen de SP20 en de NT10, WD10 en SU10?";"De SP20 is de snelste in de reeks (tot 2100 MB/s). De NT10 en WD10 halen 1000 MB/s en de SU10 1090 MB/s. De NT10 heeft een magnetische dop, de WD10 een dual-port push-pull en de SU10 een slim display. Kies op basis van snelheid, formaat en gebruiksgemak."
"movespeed-sp20-256gb-ultra-speed-ssd-flash-drive-2100mbs";"https://smartsgadgets.eu/products/movespeed-sp20-256gb-ultra-speed-ssd-flash-drive-2100mbs";"MOVESPEED";"MOVESPEED SP20 256 GB ultrasnelle SSD-stick 2100 MB/s";"snelle usb ssd stick 2100 mb/s";"6";"standaard";"Hoe snel kan ik de MOVESPEED SP20 bezorgd krijgen en kan ik hem retourneren?";"Wij leveren in Nederland en België. Bestel je op werkdagen vóór 17:00 uur, dan verwerken we je bestelling dezelfde dag en ontvang je de MOVESPEED SP20 meestal binnen 1 tot 3 werkdagen, met track-and-trace. Na ontvangst heb je 14 dagen bedenktijd (wettelijk herroepingsrecht). Je hebt recht op wettelijke garantie. Mail bij vragen of een defect naar info@smartsgadgets.eu of bel/app +31 (0)85 250 0837; we reageren binnen 1 werkdag."
"movespeed-wd10-ssd-flash-drive-1000mbs-dual-port-push-pull";"https://smartsgadgets.eu/products/movespeed-wd10-ssd-flash-drive-1000mbs-dual-port-push-pull";"MOVESPEED";"MOVESPEED WD10 128 GB SSD-stick 1000 MB/s dual-port push-pull";"usb stick 128gb snel";"1";"uniek";"Wat is de MOVESPEED WD10?";"De MOVESPEED WD10 is een SSD-flash drive van 128 GB met snelheden tot 1000 MB/s en een dual-port push-pull ontwerp. Dat betekent dat hij twee aansluitingen heeft die je met een schuifbeweging bedient."
"movespeed-wd10-ssd-flash-drive-1000mbs-dual-port-push-pull";"https://smartsgadgets.eu/products/movespeed-wd10-ssd-flash-drive-1000mbs-dual-port-push-pull";"MOVESPEED";"MOVESPEED WD10 128 GB SSD-stick 1000 MB/s dual-port push-pull";"usb stick 128gb snel";"2";"uniek";"Hoe werkt het dual-port push-pull ontwerp?";"Met een schuifbeweging kies je de aansluiting die je nodig hebt, zonder losse dop. Zo gebruik je de WD10 op zowel computer als telefoon."
"movespeed-wd10-ssd-flash-drive-1000mbs-dual-port-push-pull";"https://smartsgadgets.eu/products/movespeed-wd10-ssd-flash-drive-1000mbs-dual-port-push-pull";"MOVESPEED";"MOVESPEED WD10 128 GB SSD-stick 1000 MB/s dual-port push-pull";"usb stick 128gb snel";"3";"uniek";"Hoeveel kan ik opslaan op 128 GB?";"Op 128 GB passen duizenden foto's, documenten en uren Full HD-video. Heb je meer ruimte nodig, bijvoorbeeld voor veel 4K-video, kies dan een grotere SSD-stick."
"movespeed-wd10-ssd-flash-drive-1000mbs-dual-port-push-pull";"https://smartsgadgets.eu/products/movespeed-wd10-ssd-flash-drive-1000mbs-dual-port-push-pull";"MOVESPEED";"MOVESPEED WD10 128 GB SSD-stick 1000 MB/s dual-port push-pull";"usb stick 128gb snel";"4";"uniek";"Is de WD10 sneller dan een gewone USB-stick?";"Ja, met tot 1000 MB/s is een SSD-stick zoals de WD10 veel sneller dan een standaard USB-stick, vooral bij grote bestanden."
"movespeed-wd10-ssd-flash-drive-1000mbs-dual-port-push-pull";"https://smartsgadgets.eu/products/movespeed-wd10-ssd-flash-drive-1000mbs-dual-port-push-pull";"MOVESPEED";"MOVESPEED WD10 128 GB SSD-stick 1000 MB/s dual-port push-pull";"usb stick 128gb snel";"5";"uniek";"Is de WD10 een goede instap in SSD-sticks?";"De WD10 is een compacte, snelle instapoplossing voor wie wil upgraden van een gewone USB-stick. Wil je meer opslag of meer snelheid, kijk dan naar de SP20 of NT10."
"movespeed-wd10-ssd-flash-drive-1000mbs-dual-port-push-pull";"https://smartsgadgets.eu/products/movespeed-wd10-ssd-flash-drive-1000mbs-dual-port-push-pull";"MOVESPEED";"MOVESPEED WD10 128 GB SSD-stick 1000 MB/s dual-port push-pull";"usb stick 128gb snel";"6";"standaard";"Hoe snel kan ik de MOVESPEED WD10 bezorgd krijgen en kan ik hem retourneren?";"Wij leveren in Nederland en België. Bestel je op werkdagen vóór 17:00 uur, dan verwerken we je bestelling dezelfde dag en ontvang je de MOVESPEED WD10 meestal binnen 1 tot 3 werkdagen, met track-and-trace. Na ontvangst heb je 14 dagen bedenktijd (wettelijk herroepingsrecht). Je hebt recht op wettelijke garantie. Mail bij vragen of een defect naar info@smartsgadgets.eu of bel/app +31 (0)85 250 0837; we reageren binnen 1 werkdag."
"woox-r5143-smart-gu10-par16-cct-wifi-led-spot";"https://smartsgadgets.eu/products/woox-r5143-smart-gu10-par16-cct-wifi-led-spot";"WOOX";"Woox R5143 slimme GU10 PAR16 CCT wifi LED-spot";"slimme gu10 lamp";"1";"uniek";"Wat is de Woox R5143 slimme GU10-spot?";"De Woox R5143 is een slimme GU10 PAR16 LED-spot met wifi en CCT (instelbaar van warm naar koud wit). Je bedient hem met de app, met Alexa of met Google Assistant, zonder hub of extra bridge."
"woox-r5143-smart-gu10-par16-cct-wifi-led-spot";"https://smartsgadgets.eu/products/woox-r5143-smart-gu10-par16-cct-wifi-led-spot";"WOOX";"Woox R5143 slimme GU10 PAR16 CCT wifi LED-spot";"slimme gu10 lamp";"2";"uniek";"Wat betekent CCT en wanneer gebruik ik warm of koud wit?";"CCT staat voor Correlated Colour Temperature: de kleurtemperatuur van het licht. Warm wit geeft een gezellige sfeer voor de avond, neutraal tot koel wit helpt bij concentratie, in keuken of werkkamer."
"woox-r5143-smart-gu10-par16-cct-wifi-led-spot";"https://smartsgadgets.eu/products/woox-r5143-smart-gu10-par16-cct-wifi-led-spot";"WOOX";"Woox R5143 slimme GU10 PAR16 CCT wifi LED-spot";"slimme gu10 lamp";"3";"uniek";"Heb ik een hub of bridge nodig voor de Woox R5143?";"Nee. De Woox R5143 verbindt rechtstreeks met je wifi-netwerk. Je hebt alleen je router en de app nodig. De meeste slimme wifi-lampen werken met 2,4 GHz; controleer de handleiding."
"woox-r5143-smart-gu10-par16-cct-wifi-led-spot";"https://smartsgadgets.eu/products/woox-r5143-smart-gu10-par16-cct-wifi-led-spot";"WOOX";"Woox R5143 slimme GU10 PAR16 CCT wifi LED-spot";"slimme gu10 lamp";"4";"uniek";"Kan ik de Woox R5143 binnen en buiten gebruiken?";"Ja, volgens de productomschrijving is de spot binnen en buiten bruikbaar. Zorg bij buitengebruik voor een armatuur dat geschikt is voor buiten en raadpleeg de handleiding."
"woox-r5143-smart-gu10-par16-cct-wifi-led-spot";"https://smartsgadgets.eu/products/woox-r5143-smart-gu10-par16-cct-wifi-led-spot";"WOOX";"Woox R5143 slimme GU10 PAR16 CCT wifi LED-spot";"slimme gu10 lamp";"5";"uniek";"Past de Woox R5143 in mijn inbouwspot (GU10)?";"Controleer of je armatuur een GU10-fitting heeft (230 V). Dan kun je de oude halogeen- of LED-spot vervangen door de Woox R5143. Schakel de stroom uit voor je de lamp wisselt."
"woox-r5143-smart-gu10-par16-cct-wifi-led-spot";"https://smartsgadgets.eu/products/woox-r5143-smart-gu10-par16-cct-wifi-led-spot";"WOOX";"Woox R5143 slimme GU10 PAR16 CCT wifi LED-spot";"slimme gu10 lamp";"6";"uniek";"Kan ik de Woox R5143 dimmen met een muurdimmer?";"Gebruik bij slimme wifi-lampen bij voorkeur geen muurdimmer, maar dim via de app of stem. Een muurdimmer kan flikkering of storing veroorzaken."
"woox-r5143-smart-gu10-par16-cct-wifi-led-spot";"https://smartsgadgets.eu/products/woox-r5143-smart-gu10-par16-cct-wifi-led-spot";"WOOX";"Woox R5143 slimme GU10 PAR16 CCT wifi LED-spot";"slimme gu10 lamp";"7";"standaard";"Hoe snel kan ik de Woox R5143 bezorgd krijgen en kan ik hem retourneren?";"Wij leveren in Nederland en België. Bestel je op werkdagen vóór 17:00 uur, dan verwerken we je bestelling dezelfde dag en ontvang je de Woox R5143 meestal binnen 1 tot 3 werkdagen, met track-and-trace. Na ontvangst heb je 14 dagen bedenktijd (wettelijk herroepingsrecht). Je hebt recht op wettelijke garantie. Mail bij vragen of een defect naar info@smartsgadgets.eu of bel/app +31 (0)85 250 0837; we reageren binnen 1 werkdag."
"woox-r9076-smart-gu10-rgb-cct-wifi-led-bulb";"https://smartsgadgets.eu/products/woox-r9076-smart-gu10-rgb-cct-wifi-led-bulb";"WOOX";"Woox R9076 slimme GU10 RGB+CCT wifi LED-lamp";"slimme gu10 rgb lamp";"1";"uniek";"Wat is de Woox R9076 slimme GU10-lamp?";"De Woox R9076 is een slimme GU10 LED-lamp met wifi, RGB-kleuren en CCT (2700K tot 6500K). Je bedient hem via de Woox Home-app, Alexa en Google, zonder hub of abonnement."
"woox-r9076-smart-gu10-rgb-cct-wifi-led-bulb";"https://smartsgadgets.eu/products/woox-r9076-smart-gu10-rgb-cct-wifi-led-bulb";"WOOX";"Woox R9076 slimme GU10 RGB+CCT wifi LED-lamp";"slimme gu10 rgb lamp";"2";"uniek";"Wat is het verschil tussen RGB en CCT?";"RGB staat voor kleuren zoals rood, groen en blauw, en CCT voor de kleurtemperatuur van wit licht, van warm (2700K) tot koud (6500K). De R9076 combineert beide: je kiest dus zowel kleurrijk als wit licht."
"woox-r9076-smart-gu10-rgb-cct-wifi-led-bulb";"https://smartsgadgets.eu/products/woox-r9076-smart-gu10-rgb-cct-wifi-led-bulb";"WOOX";"Woox R9076 slimme GU10 RGB+CCT wifi LED-lamp";"slimme gu10 rgb lamp";"3";"uniek";"Heb ik een hub of abonnement nodig voor de Woox R9076?";"Nee. De lamp werkt zonder hub en zonder abonnement. Je koppelt hem aan je wifi en bedient hem via de Woox Home-app."
"woox-r9076-smart-gu10-rgb-cct-wifi-led-bulb";"https://smartsgadgets.eu/products/woox-r9076-smart-gu10-rgb-cct-wifi-led-bulb";"WOOX";"Woox R9076 slimme GU10 RGB+CCT wifi LED-lamp";"slimme gu10 rgb lamp";"4";"uniek";"Hoe koppel ik de Woox R9076 aan Alexa of Google Assistant?";"Voeg de lamp toe in de Woox Home-app en koppel de app daarna aan Alexa of Google Home. Daarna bedien je de lamp met je stem."
"woox-r9076-smart-gu10-rgb-cct-wifi-led-bulb";"https://smartsgadgets.eu/products/woox-r9076-smart-gu10-rgb-cct-wifi-led-bulb";"WOOX";"Woox R9076 slimme GU10 RGB+CCT wifi LED-lamp";"slimme gu10 rgb lamp";"5";"uniek";"Kan ik scenes en tijdschema's instellen met de Woox R9076?";"Ja, in de Woox Home-app kun je scenes en schema's instellen, bijvoorbeeld een warme sfeer 's avonds. De exacte functies staan in de app."
"woox-r9076-smart-gu10-rgb-cct-wifi-led-bulb";"https://smartsgadgets.eu/products/woox-r9076-smart-gu10-rgb-cct-wifi-led-bulb";"WOOX";"Woox R9076 slimme GU10 RGB+CCT wifi LED-lamp";"slimme gu10 rgb lamp";"6";"standaard";"Hoe snel kan ik de Woox R9076 bezorgd krijgen en kan ik hem retourneren?";"Wij leveren in Nederland en België. Bestel je op werkdagen vóór 17:00 uur, dan verwerken we je bestelling dezelfde dag en ontvang je de Woox R9076 meestal binnen 1 tot 3 werkdagen, met track-and-trace. Na ontvangst heb je 14 dagen bedenktijd (wettelijk herroepingsrecht). Je hebt recht op wettelijke garantie. Mail bij vragen of een defect naar info@smartsgadgets.eu of bel/app +31 (0)85 250 0837; we reageren binnen 1 werkdag."
"smart-home-starter-bundel-rgb-lamp-slimme-stekker";"https://smartsgadgets.eu/products/smart-home-starter-bundel-rgb-lamp-slimme-stekker";"WOOX / XENON SMART";"Smart Home Starterbundel: Xenon X7021 RGB-lamp E27 en WOOX R4785 slimme stekker";"smart home starterset";"1";"uniek";"Wat zit er in de Smart Home Starterbundel?";"De bundel bevat de Xenon X7021 RGB-lamp (E27, 9 W, 806 lumen) en de WOOX R4785 slimme stekker (2300 W, Type F). Samen is het een compacte instap in slimme verlichting en slimme stroomschakeling."
"smart-home-starter-bundel-rgb-lamp-slimme-stekker";"https://smartsgadgets.eu/products/smart-home-starter-bundel-rgb-lamp-slimme-stekker";"WOOX / XENON SMART";"Smart Home Starterbundel: Xenon X7021 RGB-lamp E27 en WOOX R4785 slimme stekker";"smart home starterset";"2";"uniek";"Met welke apps en assistenten werkt de starterbundel?";"De bundel werkt met WOOX Home, Tuya, Google Home en Alexa. Zo bedien je lamp en stekker via je telefoon of met je stem."
"smart-home-starter-bundel-rgb-lamp-slimme-stekker";"https://smartsgadgets.eu/products/smart-home-starter-bundel-rgb-lamp-slimme-stekker";"WOOX / XENON SMART";"Smart Home Starterbundel: Xenon X7021 RGB-lamp E27 en WOOX R4785 slimme stekker";"smart home starterset";"3";"uniek";"Hoe begin ik met smart home met deze bundel?";"Plaats de lamp, steek de stekker in het stopcontact, installeer de app en volg de koppelstappen. Daarna maak je schema's en scenes, zoals een lamp die automatisch aangaat bij zonsondergang."
"smart-home-starter-bundel-rgb-lamp-slimme-stekker";"https://smartsgadgets.eu/products/smart-home-starter-bundel-rgb-lamp-slimme-stekker";"WOOX / XENON SMART";"Smart Home Starterbundel: Xenon X7021 RGB-lamp E27 en WOOX R4785 slimme stekker";"smart home starterset";"4";"uniek";"Wat kan ik aansluiten op de slimme stekker?";"Op de slimme stekker kun je apparaten tot 2300 W aansluiten, zoals een staande lamp, kerstverlichting of ventilator. Blijf altijd onder het maximumvermogen en laat warmte-apparaten zoals een kachel of strijkijzer niet zonder toezicht aanstaan."
"smart-home-starter-bundel-rgb-lamp-slimme-stekker";"https://smartsgadgets.eu/products/smart-home-starter-bundel-rgb-lamp-slimme-stekker";"WOOX / XENON SMART";"Smart Home Starterbundel: Xenon X7021 RGB-lamp E27 en WOOX R4785 slimme stekker";"smart home starterset";"5";"uniek";"Past de lamp in mijn armatuur (E27)?";"De Xenon X7021 heeft een E27-fitting, de standaard schroeffitting in Nederland. Controleer of je armatuur een E27-fitting heeft."
"smart-home-starter-bundel-rgb-lamp-slimme-stekker";"https://smartsgadgets.eu/products/smart-home-starter-bundel-rgb-lamp-slimme-stekker";"WOOX / XENON SMART";"Smart Home Starterbundel: Xenon X7021 RGB-lamp E27 en WOOX R4785 slimme stekker";"smart home starterset";"6";"standaard";"Hoe snel kan ik de Smart Home Starterbundel bezorgd krijgen en kan ik hem retourneren?";"Wij leveren in Nederland en België. Bestel je op werkdagen vóór 17:00 uur, dan verwerken we je bestelling dezelfde dag en ontvang je de Smart Home Starterbundel meestal binnen 1 tot 3 werkdagen, met track-and-trace. Na ontvangst heb je 14 dagen bedenktijd (wettelijk herroepingsrecht). Je hebt recht op wettelijke garantie. Mail bij vragen of een defect naar info@smartsgadgets.eu of bel/app +31 (0)85 250 0837; we reageren binnen 1 werkdag."
"xenon-x7021-slimme-rgb-led-lamp-e27-wifi";"https://smartsgadgets.eu/products/xenon-x7021-slimme-rgb-led-lamp-e27-wifi";"XENON SMART";"Xenon X7021 slimme RGB LED-lamp E27 met wifi";"slimme lamp e27";"1";"uniek";"Wat is de Xenon X7021 slimme lamp?";"De Xenon X7021 is een slimme RGB LED-lamp met E27-fitting en wifi. Hij kan 16 miljoen kleuren weergeven, werkt met spraakbediening en heeft instelbare tijdschema's. Je bedient hem met je telefoon of je stem."
"xenon-x7021-slimme-rgb-led-lamp-e27-wifi";"https://smartsgadgets.eu/products/xenon-x7021-slimme-rgb-led-lamp-e27-wifi";"XENON SMART";"Xenon X7021 slimme RGB LED-lamp E27 met wifi";"slimme lamp e27";"2";"uniek";"Heb ik een hub nodig voor de Xenon X7021?";"Nee, de lamp verbindt rechtstreeks met je wifi. Je hebt dus alleen je router en de app nodig. Raadpleeg de handleiding voor de koppelstappen."
"xenon-x7021-slimme-rgb-led-lamp-e27-wifi";"https://smartsgadgets.eu/products/xenon-x7021-slimme-rgb-led-lamp-e27-wifi";"XENON SMART";"Xenon X7021 slimme RGB LED-lamp E27 met wifi";"slimme lamp e27";"3";"uniek";"Met welke apps en spraakassistenten werkt de X7021?";"De Xenon X7021 ondersteunt spraakbediening met Google Home en Alexa. Volgens de omschrijving van onze Smart Home Starterbundel werkt hij ook met WOOX Home en Tuya. Daardoor kun je de lamp en scenes met je stem of in één app aansturen."
"xenon-x7021-slimme-rgb-led-lamp-e27-wifi";"https://smartsgadgets.eu/products/xenon-x7021-slimme-rgb-led-lamp-e27-wifi";"XENON SMART";"Xenon X7021 slimme RGB LED-lamp E27 met wifi";"slimme lamp e27";"4";"uniek";"Hoeveel licht geeft de Xenon X7021?";"De Xenon X7021 is een 9 W lamp met 806 lumen, vergelijkbaar met een klassieke lamp van ongeveer 60 W. Dat is genoeg voor de meeste woonkamers."
"xenon-x7021-slimme-rgb-led-lamp-e27-wifi";"https://smartsgadgets.eu/products/xenon-x7021-slimme-rgb-led-lamp-e27-wifi";"XENON SMART";"Xenon X7021 slimme RGB LED-lamp E27 met wifi";"slimme lamp e27";"5";"uniek";"Hoe stel ik een tijdschema of sfeer in?";"Via de app maak je schema's en scenes, bijvoorbeeld een warme sfeer op de avond of een lamp die op een vast tijdstip aan- en uitgaat. Zo bespaar je energie en maak je je huis zichtbaar bewoond."
"xenon-x7021-slimme-rgb-led-lamp-e27-wifi";"https://smartsgadgets.eu/products/xenon-x7021-slimme-rgb-led-lamp-e27-wifi";"XENON SMART";"Xenon X7021 slimme RGB LED-lamp E27 met wifi";"slimme lamp e27";"6";"standaard";"Hoe snel kan ik de Xenon X7021 bezorgd krijgen en kan ik hem retourneren?";"Wij leveren in Nederland en België. Bestel je op werkdagen vóór 17:00 uur, dan verwerken we je bestelling dezelfde dag en ontvang je de Xenon X7021 meestal binnen 1 tot 3 werkdagen, met track-and-trace. Na ontvangst heb je 14 dagen bedenktijd (wettelijk herroepingsrecht). Je hebt recht op wettelijke garantie. Mail bij vragen of een defect naar info@smartsgadgets.eu of bel/app +31 (0)85 250 0837; we reageren binnen 1 werkdag."
"xenon-smart-witte-ruis-machine";"https://smartsgadgets.eu/products/xenon-smart-witte-ruis-machine";"XENON SMART";"Xenon Smart White Noise Machine – 21 geluiden, draagbaar";"white noise machine";"1";"uniek";"Wat is de Xenon White Noise Machine en wat doet hij?";"De Xenon White Noise Machine speelt 21 rustgevende geluiden af, zoals witte ruis, om storende omgevingsgeluiden te maskeren. Hij is draagbaar, heeft een timer en geheugenfunctie en is geschikt voor baby's én volwassenen, voor slapen, meditatie en concentreren."
"xenon-smart-witte-ruis-machine";"https://smartsgadgets.eu/products/xenon-smart-witte-ruis-machine";"XENON SMART";"Xenon Smart White Noise Machine – 21 geluiden, draagbaar";"white noise machine";"2";"uniek";"Hoe lang speelt de White Noise Machine op één lading?";"Tot 16 uur speeltijd. Dat is genoeg voor een hele nacht en een middagdutje. De timer zet het geluid automatisch uit; het geheugen onthoudt je instellingen."
"xenon-smart-witte-ruis-machine";"https://smartsgadgets.eu/products/xenon-smart-witte-ruis-machine";"XENON SMART";"Xenon Smart White Noise Machine – 21 geluiden, draagbaar";"white noise machine";"3";"uniek";"Is white noise veilig voor baby's en welk volume is verstandig?";"White noise kan baby's helpen kalmeren, maar er is nog weinig wetenschappelijk onderzoek en er is een risico op gewenning. Houd het volume rond 50 tot 60 decibel (ongeveer als een douche) en plaats het apparaat op 1,5 tot 3 meter van het bedje, niet erin. Raadpleeg bij twijfel je consultatiebureau."
"xenon-smart-witte-ruis-machine";"https://smartsgadgets.eu/products/xenon-smart-witte-ruis-machine";"XENON SMART";"Xenon Smart White Noise Machine – 21 geluiden, draagbaar";"white noise machine";"4";"uniek";"Waarvoor kan ik de White Noise Machine nog meer gebruiken?";"Volwassenen gebruiken witte ruis om beter in slaap te komen, te mediteren of zich te concentreren op werk of studie. Het maskeert verkeer, buren of huisgenoten."
"xenon-smart-witte-ruis-machine";"https://smartsgadgets.eu/products/xenon-smart-witte-ruis-machine";"XENON SMART";"Xenon Smart White Noise Machine – 21 geluiden, draagbaar";"white noise machine";"5";"uniek";"Kan ik het apparaat meenemen op reis?";"Ja. De Xenon White Noise Machine is draagbaar en heeft een lange speeltijd, dus hij past in je koffer of handtas voor hotels, vakantiehuizen en logeerpartijen."
"xenon-smart-witte-ruis-machine";"https://smartsgadgets.eu/products/xenon-smart-witte-ruis-machine";"XENON SMART";"Xenon Smart White Noise Machine – 21 geluiden, draagbaar";"white noise machine";"6";"standaard";"Hoe snel kan ik de Xenon White Noise Machine bezorgd krijgen en kan ik hem retourneren?";"Wij leveren in Nederland en België. Bestel je op werkdagen vóór 17:00 uur, dan verwerken we je bestelling dezelfde dag en ontvang je de Xenon White Noise Machine meestal binnen 1 tot 3 werkdagen, met track-and-trace. Na ontvangst heb je 14 dagen bedenktijd (wettelijk herroepingsrecht). Je hebt recht op wettelijke garantie. Mail bij vragen of een defect naar info@smartsgadgets.eu of bel/app +31 (0)85 250 0837; we reageren binnen 1 werkdag."
"xenon-x7202-smart-babyfoon-5-inch-monitor";"https://smartsgadgets.eu/products/xenon-x7202-smart-babyfoon-5-inch-monitor";"XENON SMART";"Xenon X7202 slimme babyfoon met 5-inch monitor";"babyfoon met scherm en camera";"1";"uniek";"Wat is de Xenon X7202 babyfoon?";"De Xenon X7202 is een slimme babyfoon met een 5-inch monitor, tweeweg-audio en huildetectie. Je kunt de babyfoon ook met je telefoon verbinden. Zo zie je je baby op het scherm of in de app."
"xenon-x7202-smart-babyfoon-5-inch-monitor";"https://smartsgadgets.eu/products/xenon-x7202-smart-babyfoon-5-inch-monitor";"XENON SMART";"Xenon X7202 slimme babyfoon met 5-inch monitor";"babyfoon met scherm en camera";"2";"uniek";"Heeft de Xenon X7202 nachtzicht en pan/tilt?";"Volgens de productomschrijving heeft de babyfoon nachtzicht en pan/tilt-functie, zodat je ook 's nachts het hele bedje kunt bekijken. Zie de productpagina voor de exacte specificaties."
"xenon-x7202-smart-babyfoon-5-inch-monitor";"https://smartsgadgets.eu/products/xenon-x7202-smart-babyfoon-5-inch-monitor";"XENON SMART";"Xenon X7202 slimme babyfoon met 5-inch monitor";"babyfoon met scherm en camera";"3";"uniek";"Hoe werkt huildetectie op een babyfoon?";"De camera herkent huilgeluiden en stuurt een melding, zodat je direct weet wanneer je baby wakker is. Je kunt via tweeweg-audio direct een geruststellend woordje spreken."
"xenon-x7202-smart-babyfoon-5-inch-monitor";"https://smartsgadgets.eu/products/xenon-x7202-smart-babyfoon-5-inch-monitor";"XENON SMART";"Xenon X7202 slimme babyfoon met 5-inch monitor";"babyfoon met scherm en camera";"4";"uniek";"Is een wifi-babyfoon veilig?";"Een wifi-babyfoon biedt gemak op afstand, maar is afhankelijk van je netwerk. Gebruik een sterk wachtwoord, een goed beveiligd wifi-netwerk (WPA2 of WPA3) en houd de app up-to-date. Zo beperk je privacyrisico's."
"xenon-x7202-smart-babyfoon-5-inch-monitor";"https://smartsgadgets.eu/products/xenon-x7202-smart-babyfoon-5-inch-monitor";"XENON SMART";"Xenon X7202 slimme babyfoon met 5-inch monitor";"babyfoon met scherm en camera";"5";"uniek";"Wat is het verschil tussen een babyfoon met scherm en een app-babyfoon?";"Een babyfoon met eigen scherm werkt direct bij de ouder, terwijl een app-babyfoon je op afstand laat meekijken via je telefoon. De Xenon X7202 combineert een 5-inch monitor met telefoonconnectiviteit."
"xenon-x7202-smart-babyfoon-5-inch-monitor";"https://smartsgadgets.eu/products/xenon-x7202-smart-babyfoon-5-inch-monitor";"XENON SMART";"Xenon X7202 slimme babyfoon met 5-inch monitor";"babyfoon met scherm en camera";"6";"standaard";"Hoe snel kan ik de Xenon X7202 bezorgd krijgen en kan ik hem retourneren?";"Wij leveren in Nederland en België. Bestel je op werkdagen vóór 17:00 uur, dan verwerken we je bestelling dezelfde dag en ontvang je de Xenon X7202 meestal binnen 1 tot 3 werkdagen, met track-and-trace. Na ontvangst heb je 14 dagen bedenktijd (wettelijk herroepingsrecht). Je hebt recht op wettelijke garantie. Mail bij vragen of een defect naar info@smartsgadgets.eu of bel/app +31 (0)85 250 0837; we reageren binnen 1 werkdag."
"xenon-smart-slimme-voerbak-x8612-rvs-4l-app-bediening";"https://smartsgadgets.eu/products/xenon-smart-slimme-voerbak-x8612-rvs-4l-app-bediening";"XENON SMART";"Xenon X8612 slimme voerbak 4 liter RVS met app";"automatische voerbak met app";"1";"uniek";"Wat is de Xenon X8612 slimme voerbak?";"De Xenon X8612 is een automatische voerbak met een inhoud van 4 liter en een uitneembare RVS-voerbak. Je bedient hem met een app: je plant maaltijden in, beheert de portiegrootte en volgt het voeren. Geschikt voor honden en katten."
"xenon-smart-slimme-voerbak-x8612-rvs-4l-app-bediening";"https://smartsgadgets.eu/products/xenon-smart-slimme-voerbak-x8612-rvs-4l-app-bediening";"XENON SMART";"Xenon X8612 slimme voerbak 4 liter RVS met app";"automatische voerbak met app";"2";"uniek";"Waarom is een RVS-voerbak beter dan plastic?";"RVS is hygiënischer en makkelijker schoon te maken dan plastic, en voorkomt dat voer een vieze smaak of geur krijgt. Een uitneembare bak kun je gemakkelijk afwassen."
"xenon-smart-slimme-voerbak-x8612-rvs-4l-app-bediening";"https://smartsgadgets.eu/products/xenon-smart-slimme-voerbak-x8612-rvs-4l-app-bediening";"XENON SMART";"Xenon X8612 slimme voerbak 4 liter RVS met app";"automatische voerbak met app";"3";"uniek";"Hoe stel ik voertijden en porties in?";"In de app plan je meerdere maaltijden per dag en bepaal je de portiegrootte. Zo krijgt je huisdier ook op vaste tijden eten als je zelf niet thuis bent."
"xenon-smart-slimme-voerbak-x8612-rvs-4l-app-bediening";"https://smartsgadgets.eu/products/xenon-smart-slimme-voerbak-x8612-rvs-4l-app-bediening";"XENON SMART";"Xenon X8612 slimme voerbak 4 liter RVS met app";"automatische voerbak met app";"4";"uniek";"Geschikt voor hond én kat?";"Ja, de Xenon X8612 is geschikt voor honden en katten. Raadpleeg je dierenarts voor de juiste voedingshoeveelheid voor jouw huisdier."
"xenon-smart-slimme-voerbak-x8612-rvs-4l-app-bediening";"https://smartsgadgets.eu/products/xenon-smart-slimme-voerbak-x8612-rvs-4l-app-bediening";"XENON SMART";"Xenon X8612 slimme voerbak 4 liter RVS met app";"automatische voerbak met app";"5";"uniek";"Hoeveel droogvoer past er in 4 liter?";"Met een inhoud van 4 liter past er, afhankelijk van het soort brok, ruwweg 1,5 tot 2 kilo droogvoer in. Dat is voor een kat of kleine hond meestal ruim genoeg voor meerdere dagen. Raadpleeg de handleiding voor de geschikte soorten voer."
"xenon-smart-slimme-voerbak-x8612-rvs-4l-app-bediening";"https://smartsgadgets.eu/products/xenon-smart-slimme-voerbak-x8612-rvs-4l-app-bediening";"XENON SMART";"Xenon X8612 slimme voerbak 4 liter RVS met app";"automatische voerbak met app";"6";"standaard";"Hoe snel kan ik de Xenon X8612 bezorgd krijgen en kan ik hem retourneren?";"Wij leveren in Nederland en België. Bestel je op werkdagen vóór 17:00 uur, dan verwerken we je bestelling dezelfde dag en ontvang je de Xenon X8612 meestal binnen 1 tot 3 werkdagen, met track-and-trace. Na ontvangst heb je 14 dagen bedenktijd (wettelijk herroepingsrecht). Je hebt recht op wettelijke garantie. Mail bij vragen of een defect naar info@smartsgadgets.eu of bel/app +31 (0)85 250 0837; we reageren binnen 1 werkdag."
"xenon-smart-x8702-slimme-weegschaal-bluetooth";"https://smartsgadgets.eu/products/xenon-smart-x8702-slimme-weegschaal-bluetooth";"XENON SMART";"Xenon X8702 slimme weegschaal Bluetooth met 17 lichaamsmetingen";"slimme weegschaal met app";"1";"uniek";"Wat meet de Xenon X8702 slimme weegschaal?";"De Xenon X8702 meet 17 lichaamsmetingen, waaronder gewicht, BMI, vetpercentage en spiermassa. Vier uiterst nauwkeurige sensoren registreren veranderingen vanaf 50 gram."
"xenon-smart-x8702-slimme-weegschaal-bluetooth";"https://smartsgadgets.eu/products/xenon-smart-x8702-slimme-weegschaal-bluetooth";"XENON SMART";"Xenon X8702 slimme weegschaal Bluetooth met 17 lichaamsmetingen";"slimme weegschaal met app";"2";"uniek";"Hoe werkt een slimme weegschaal met lichaamssamenstelling?";"De weegschaal stuurt een zwakke, ongevaarlijke stroom door je lichaam (bio-elektrische impedantie) en berekent daaruit onder meer vet en spiermassa. De waarden zijn indicatief; kijk vooral naar trends."
"xenon-smart-x8702-slimme-weegschaal-bluetooth";"https://smartsgadgets.eu/products/xenon-smart-x8702-slimme-weegschaal-bluetooth";"XENON SMART";"Xenon X8702 slimme weegschaal Bluetooth met 17 lichaamsmetingen";"slimme weegschaal met app";"3";"uniek";"Hoe betrouwbaar is het vetpercentage?";"Slimme weegschalen geven een schatting. Weeg jezelf altijd op hetzelfde moment, bijvoorbeeld 's ochtends na het toilet, op dezelfde plek. Zo zie je de trend. Gebruik ze niet als medische meting."
"xenon-smart-x8702-slimme-weegschaal-bluetooth";"https://smartsgadgets.eu/products/xenon-smart-x8702-slimme-weegschaal-bluetooth";"XENON SMART";"Xenon X8702 slimme weegschaal Bluetooth met 17 lichaamsmetingen";"slimme weegschaal met app";"4";"uniek";"Werkt de X8702 met Apple Gezondheid en Google Fit?";"Ja. De bijbehorende app zet elke meting om in een overzichtelijke grafiek en synchroniseert met Apple Health en Google Fit."
"xenon-smart-x8702-slimme-weegschaal-bluetooth";"https://smartsgadgets.eu/products/xenon-smart-x8702-slimme-weegschaal-bluetooth";"XENON SMART";"Xenon X8702 slimme weegschaal Bluetooth met 17 lichaamsmetingen";"slimme weegschaal met app";"5";"uniek";"Voor wie is de X8702 geschikt?";"De weegschaal ondersteunt afvallen, spieropbouw en conditiebewaking. Heb je een pacemaker of ben je zwanger? Overleg dan eerst met je arts, omdat bio-elektrische metingen niet altijd geschikt zijn."
"xenon-smart-x8702-slimme-weegschaal-bluetooth";"https://smartsgadgets.eu/products/xenon-smart-x8702-slimme-weegschaal-bluetooth";"XENON SMART";"Xenon X8702 slimme weegschaal Bluetooth met 17 lichaamsmetingen";"slimme weegschaal met app";"6";"standaard";"Hoe snel kan ik de Xenon X8702 bezorgd krijgen en kan ik hem retourneren?";"Wij leveren in Nederland en België. Bestel je op werkdagen vóór 17:00 uur, dan verwerken we je bestelling dezelfde dag en ontvang je de Xenon X8702 meestal binnen 1 tot 3 werkdagen, met track-and-trace. Na ontvangst heb je 14 dagen bedenktijd (wettelijk herroepingsrecht). Je hebt recht op wettelijke garantie. Mail bij vragen of een defect naar info@smartsgadgets.eu of bel/app +31 (0)85 250 0837; we reageren binnen 1 werkdag."
"xenon-smart-x8623-zelfreinigende-kattenbak-camera";"https://smartsgadgets.eu/products/xenon-smart-x8623-zelfreinigende-kattenbak-camera";"XENON SMART";"Xenon X8623 zelfreinigende kattenbak met 1080p camera en UV";"zelfreinigende kattenbak met camera";"1";"uniek";"Wat is de Xenon X8623 zelfreinigende kattenbak?";"De Xenon X8623 is een zelfreinigende kattenbak van 72 liter met 1080p-camera en UV-sterilisatie. Hij zeeft na elk gebruik automatisch de klontjes en voert ze af naar een gesloten afvalbak. Via de app kijk je mee."
"xenon-smart-x8623-zelfreinigende-kattenbak-camera";"https://smartsgadgets.eu/products/xenon-smart-x8623-zelfreinigende-kattenbak-camera";"XENON SMART";"Xenon X8623 zelfreinigende kattenbak met 1080p camera en UV";"zelfreinigende kattenbak met camera";"2";"uniek";"Hoe werkt een automatische kattenbak?";"Een automatische kattenbak scheidt klonten van schone korrels en voert de klonten af naar een afvalbak, zodat je minder vaak zelf hoeft te scheppen. Veiligheidssensoren voorkomen dat het reinigen start terwijl je kat in de bak zit."
"xenon-smart-x8623-zelfreinigende-kattenbak-camera";"https://smartsgadgets.eu/products/xenon-smart-x8623-zelfreinigende-kattenbak-camera";"XENON SMART";"Xenon X8623 zelfreinigende kattenbak met 1080p camera en UV";"zelfreinigende kattenbak met camera";"3";"uniek";"Wat doet de camera in de X8623?";"Met de ingebouwde 1080p-camera zie je via de app hoe je kat de bak gebruikt, handig om gedrag en gezondheid in de gaten te houden, ook als je niet thuis bent."
"xenon-smart-x8623-zelfreinigende-kattenbak-camera";"https://smartsgadgets.eu/products/xenon-smart-x8623-zelfreinigende-kattenbak-camera";"XENON SMART";"Xenon X8623 zelfreinigende kattenbak met 1080p camera en UV";"zelfreinigende kattenbak met camera";"4";"uniek";"Is de X8623 geschikt voor grote katten zoals een Maine Coon?";"Met een capaciteit van 72 liter is hij ruim opgezet en geschikt voor één of meerdere katten. Meet je kat (lengte en hoogte) en controleer in de handleiding het minimale en maximale kattengewicht en de afmetingen, zeker bij grote rassen."
"xenon-smart-x8623-zelfreinigende-kattenbak-camera";"https://smartsgadgets.eu/products/xenon-smart-x8623-zelfreinigende-kattenbak-camera";"XENON SMART";"Xenon X8623 zelfreinigende kattenbak met 1080p camera en UV";"zelfreinigende kattenbak met camera";"5";"uniek";"Welke kattenbakvulling gebruik ik en hoe wen ik mijn kat eraan?";"De meeste automatische kattenbakken werken het best met klontvormende kattenbakvulling; controleer altijd de handleiding. Zet de oude bak pas weg als je kat de automatische bak vertrouwt, want niet elke kat went even snel aan de beweging."
"xenon-smart-x8623-zelfreinigende-kattenbak-camera";"https://smartsgadgets.eu/products/xenon-smart-x8623-zelfreinigende-kattenbak-camera";"XENON SMART";"Xenon X8623 zelfreinigende kattenbak met 1080p camera en UV";"zelfreinigende kattenbak met camera";"6";"uniek";"Hoe vaak moet ik de X8623 onderhouden?";"Leeg het afvalcompartiment regelmatig, enkele keren per week tot wekelijks, afhankelijk van het aantal katten, en maak de bak af en toe grondig schoon. UV-sterilisatie en afvoer in een gesloten bak helpen geur beperken."
"xenon-smart-x8623-zelfreinigende-kattenbak-camera";"https://smartsgadgets.eu/products/xenon-smart-x8623-zelfreinigende-kattenbak-camera";"XENON SMART";"Xenon X8623 zelfreinigende kattenbak met 1080p camera en UV";"zelfreinigende kattenbak met camera";"7";"standaard";"Hoe snel kan ik de Xenon X8623 bezorgd krijgen en kan ik hem retourneren?";"Wij leveren in Nederland en België. Bestel je op werkdagen vóór 17:00 uur, dan verwerken we je bestelling dezelfde dag en ontvang je de Xenon X8623 meestal binnen 1 tot 3 werkdagen, met track-and-trace. Na ontvangst heb je 14 dagen bedenktijd (wettelijk herroepingsrecht). Je hebt recht op wettelijke garantie. Mail bij vragen of een defect naar info@smartsgadgets.eu of bel/app +31 (0)85 250 0837; we reageren binnen 1 werkdag."
"xenon-smart-x7208-slimme-binnencamera";"https://smartsgadgets.eu/products/xenon-smart-x7208-slimme-binnencamera";"XENON SMART";"Xenon X7208 slimme binnencamera en babyfoon met 2,8-inch scherm en 2K";"binnencamera met scherm en videobellen";"1";"uniek";"Wat is de Xenon X7208 en waarvoor gebruik ik hem?";"De Xenon X7208 is een compleet communicatiestation voor in huis: een slimme binnencamera met 2K-beeld, nachtzicht en een 2,8-inch scherm waarmee je videogesprekken kunt starten naar je smartphone. Je gebruikt hem als babyfoon of om op ouderen of huisdieren te letten."
"xenon-smart-x7208-slimme-binnencamera";"https://smartsgadgets.eu/products/xenon-smart-x7208-slimme-binnencamera";"XENON SMART";"Xenon X7208 slimme binnencamera en babyfoon met 2,8-inch scherm en 2K";"binnencamera met scherm en videobellen";"2";"uniek";"Hoe werkt videobellen met de X7208?";"Via het ingebouwde scherm start je een videogesprek met je smartphone. Zo kunnen ouders, opa en oma of kinderen eenvoudig contact houden zonder zelf een telefoon te bedienen."
"xenon-smart-x7208-slimme-binnencamera";"https://smartsgadgets.eu/products/xenon-smart-x7208-slimme-binnencamera";"XENON SMART";"Xenon X7208 slimme binnencamera en babyfoon met 2,8-inch scherm en 2K";"binnencamera met scherm en videobellen";"3";"uniek";"Heeft de X7208 huildetectie en bewegingsmelding?";"Ja. De camera heeft huildetectie, bijvoorbeeld voor babybewaking, en een bewegingssensor met directe meldingen op je telefoon."
"xenon-smart-x7208-slimme-binnencamera";"https://smartsgadgets.eu/products/xenon-smart-x7208-slimme-binnencamera";"XENON SMART";"Xenon X7208 slimme binnencamera en babyfoon met 2,8-inch scherm en 2K";"binnencamera met scherm en videobellen";"4";"uniek";"Is de X7208 geschikt om een oudere familielid in de gaten te houden?";"Ja, de camera kan ook gebruikt worden voor toezicht op oudere familieleden. Maak vooraf afspraken met de persoon in kwestie en respecteer diens privacy: filmen zonder medeweten wordt afgeraden en kan strafbaar zijn."
"xenon-smart-x7208-slimme-binnencamera";"https://smartsgadgets.eu/products/xenon-smart-x7208-slimme-binnencamera";"XENON SMART";"Xenon X7208 slimme binnencamera en babyfoon met 2,8-inch scherm en 2K";"binnencamera met scherm en videobellen";"5";"uniek";"Wat betekent 2K beeldkwaliteit en nachtzicht?";"2K geeft een scherper beeld dan Full HD, zodat je meer detail ziet. Met nachtzicht blijft het beeld ook in het donker bruikbaar."
"xenon-smart-x7208-slimme-binnencamera";"https://smartsgadgets.eu/products/xenon-smart-x7208-slimme-binnencamera";"XENON SMART";"Xenon X7208 slimme binnencamera en babyfoon met 2,8-inch scherm en 2K";"binnencamera met scherm en videobellen";"6";"standaard";"Hoe snel kan ik de Xenon X7208 bezorgd krijgen en kan ik hem retourneren?";"Wij leveren in Nederland en België. Bestel je op werkdagen vóór 17:00 uur, dan verwerken we je bestelling dezelfde dag en ontvang je de Xenon X7208 meestal binnen 1 tot 3 werkdagen, met track-and-trace. Na ontvangst heb je 14 dagen bedenktijd (wettelijk herroepingsrecht). Je hebt recht op wettelijke garantie. Mail bij vragen of een defect naar info@smartsgadgets.eu of bel/app +31 (0)85 250 0837; we reageren binnen 1 werkdag."
"xenon-smart-x7087-slimme-stekkerdoos";"https://smartsgadgets.eu/products/xenon-smart-x7087-slimme-stekkerdoos";"XENON SMART";"Xenon X7087 slimme stekkerdoos met energiemonitor, 4 AC en 3 USB";"slimme stekkerdoos met energiemeter";"1";"uniek";"Wat is de Xenon X7087 slimme stekkerdoos?";"De Xenon X7087 is een wifi-stekkerdoos met 4 AC-uitgangen en 3 USB-poorten (waaronder 1 USB-C). Je schakelt elk apparaat afzonderlijk met de app of met spraakbediening aan en uit."
"xenon-smart-x7087-slimme-stekkerdoos";"https://smartsgadgets.eu/products/xenon-smart-x7087-slimme-stekkerdoos";"XENON SMART";"Xenon X7087 slimme stekkerdoos met energiemonitor, 4 AC en 3 USB";"slimme stekkerdoos met energiemeter";"2";"uniek";"Hoe werkt de energiemonitor?";"De energiemonitor laat precies zien hoeveel stroom elk apparaat verbruikt. Zo ontdek je welke apparaten veel energie slurpen en bespaar je op stand-by-verbruik."
"xenon-smart-x7087-slimme-stekkerdoos";"https://smartsgadgets.eu/products/xenon-smart-x7087-slimme-stekkerdoos";"XENON SMART";"Xenon X7087 slimme stekkerdoos met energiemonitor, 4 AC en 3 USB";"slimme stekkerdoos met energiemeter";"3";"uniek";"Kan ik elk stopcontact apart bedienen?";"Ja. Elk apparaat kan afzonderlijk aan of uit via de app of met spraakopdrachten. Zo schakel je bijvoorbeeld de tv-hoek of je werkplek met één commando uit."
"xenon-smart-x7087-slimme-stekkerdoos";"https://smartsgadgets.eu/products/xenon-smart-x7087-slimme-stekkerdoos";"XENON SMART";"Xenon X7087 slimme stekkerdoos met energiemonitor, 4 AC en 3 USB";"slimme stekkerdoos met energiemeter";"4";"uniek";"Heeft de X7087 overspanningsbeveiliging?";"Ja, de stekkerdoos heeft overspanningsbeveiliging. Daarmee bescherm je aangesloten elektronica beter tegen pieken in het stroomnet."
"xenon-smart-x7087-slimme-stekkerdoos";"https://smartsgadgets.eu/products/xenon-smart-x7087-slimme-stekkerdoos";"XENON SMART";"Xenon X7087 slimme stekkerdoos met energiemonitor, 4 AC en 3 USB";"slimme stekkerdoos met energiemeter";"5";"uniek";"Welke apparaten kan ik aansluiten?";"Je kunt tv, laptop, koffiezetapparaat en vergelijkbare apparaten aansluiten. Blijf altijd onder het maximale vermogen van de stekkerdoos en laat warmte-apparaten niet zonder toezicht aanstaan."
"xenon-smart-x7087-slimme-stekkerdoos";"https://smartsgadgets.eu/products/xenon-smart-x7087-slimme-stekkerdoos";"XENON SMART";"Xenon X7087 slimme stekkerdoos met energiemonitor, 4 AC en 3 USB";"slimme stekkerdoos met energiemeter";"6";"standaard";"Hoe snel kan ik de Xenon X7087 bezorgd krijgen en kan ik hem retourneren?";"Wij leveren in Nederland en België. Bestel je op werkdagen vóór 17:00 uur, dan verwerken we je bestelling dezelfde dag en ontvang je de Xenon X7087 meestal binnen 1 tot 3 werkdagen, met track-and-trace. Na ontvangst heb je 14 dagen bedenktijd (wettelijk herroepingsrecht). Je hebt recht op wettelijke garantie. Mail bij vragen of een defect naar info@smartsgadgets.eu of bel/app +31 (0)85 250 0837; we reageren binnen 1 werkdag."
"xenon-x7207-smart-wifi-binnen-beveiligingscamera-wit";"https://smartsgadgets.eu/products/xenon-x7207-smart-wifi-binnen-beveiligingscamera-wit";"XENON SMART";"Xenon X7207 slimme wifi-binnencamera 1080p met nachtzicht";"binnencamera wifi met nachtzicht";"1";"uniek";"Wat is de Xenon X7207 binnencamera?";"De Xenon X7207 is een compacte wifi-binnencamera met 1080p-beeld, nachtzicht, tweeweg-audio en bewegingsdetectie. Je bekijkt live beeld en praat terug via de app."
"xenon-x7207-smart-wifi-binnen-beveiligingscamera-wit";"https://smartsgadgets.eu/products/xenon-x7207-smart-wifi-binnen-beveiligingscamera-wit";"XENON SMART";"Xenon X7207 slimme wifi-binnencamera 1080p met nachtzicht";"binnencamera wifi met nachtzicht";"2";"uniek";"Waar sla ik de beelden van de X7207 op?";"Je kunt beelden opslaan op een TF-kaart tot 256 GB, in de cloud of via NVR-integratie. Een kaart is handig voor lokale opslag zonder abonnement."
"xenon-x7207-smart-wifi-binnen-beveiligingscamera-wit";"https://smartsgadgets.eu/products/xenon-x7207-smart-wifi-binnen-beveiligingscamera-wit";"XENON SMART";"Xenon X7207 slimme wifi-binnencamera 1080p met nachtzicht";"binnencamera wifi met nachtzicht";"3";"uniek";"Hoe wordt de X7207 van stroom voorzien?";"De camera werkt op USB-C-voeding. Je sluit hem aan op een stopcontact met de adapter, dus plaats hem binnen bereik van een stopcontact."
"xenon-x7207-smart-wifi-binnen-beveiligingscamera-wit";"https://smartsgadgets.eu/products/xenon-x7207-smart-wifi-binnen-beveiligingscamera-wit";"XENON SMART";"Xenon X7207 slimme wifi-binnencamera 1080p met nachtzicht";"binnencamera wifi met nachtzicht";"4";"uniek";"Werkt de X7207 met Alexa en Google?";"Volgens de productgegevens is de camera geschikt voor Alexa en Google (smart home-integratie). Controleer de koppelstappen in de app."
"xenon-x7207-smart-wifi-binnen-beveiligingscamera-wit";"https://smartsgadgets.eu/products/xenon-x7207-smart-wifi-binnen-beveiligingscamera-wit";"XENON SMART";"Xenon X7207 slimme wifi-binnencamera 1080p met nachtzicht";"binnencamera wifi met nachtzicht";"5";"uniek";"Kan ik de X7207 als huisdiercamera gebruiken?";"Ja, met tweeweg-audio en bewegingsdetectie kun je je huisdier in de gaten houden en bij het scherm terugpraten. Het is geen vervanging voor toezicht."
"xenon-x7207-smart-wifi-binnen-beveiligingscamera-wit";"https://smartsgadgets.eu/products/xenon-x7207-smart-wifi-binnen-beveiligingscamera-wit";"XENON SMART";"Xenon X7207 slimme wifi-binnencamera 1080p met nachtzicht";"binnencamera wifi met nachtzicht";"6";"standaard";"Hoe snel kan ik de Xenon X7207 bezorgd krijgen en kan ik hem retourneren?";"Wij leveren in Nederland en België. Bestel je op werkdagen vóór 17:00 uur, dan verwerken we je bestelling dezelfde dag en ontvang je de Xenon X7207 meestal binnen 1 tot 3 werkdagen, met track-and-trace. Na ontvangst heb je 14 dagen bedenktijd (wettelijk herroepingsrecht). Je hebt recht op wettelijke garantie. Mail bij vragen of een defect naar info@smartsgadgets.eu of bel/app +31 (0)85 250 0837; we reageren binnen 1 werkdag."
"xenon-x7201-full-hd-wifi-babyfoon-wit";"https://smartsgadgets.eu/products/xenon-x7201-full-hd-wifi-babyfoon-wit";"XENON SMART";"Xenon X7201 Full HD wifi-babyfoon met huildetectie en slaapliedjes";"wifi babyfoon full hd";"1";"uniek";"Wat is de Xenon X7201 babyfoon?";"De Xenon X7201 is een Full HD wifi-babyfoon met app-bediening, huildetectie, tweeweg-audio, nachtzicht en slaapliedjes. Je ziet en hoort je baby via je telefoon."
"xenon-x7201-full-hd-wifi-babyfoon-wit";"https://smartsgadgets.eu/products/xenon-x7201-full-hd-wifi-babyfoon-wit";"XENON SMART";"Xenon X7201 Full HD wifi-babyfoon met huildetectie en slaapliedjes";"wifi babyfoon full hd";"2";"uniek";"Hoe werken slaapliedjes en tweeweg-audio?";"Met tweeweg-audio praat je via de app tegen je baby. De ingebouwde slaapliedjes kunnen helpen bij het in slaap sussen."
"xenon-x7201-full-hd-wifi-babyfoon-wit";"https://smartsgadgets.eu/products/xenon-x7201-full-hd-wifi-babyfoon-wit";"XENON SMART";"Xenon X7201 Full HD wifi-babyfoon met huildetectie en slaapliedjes";"wifi babyfoon full hd";"3";"uniek";"Hoe werkt huildetectie?";"De babyfoon herkent huilgeluiden en stuurt een melding naar je telefoon, zodat je meteen weet wanneer je baby wakker is."
"xenon-x7201-full-hd-wifi-babyfoon-wit";"https://smartsgadgets.eu/products/xenon-x7201-full-hd-wifi-babyfoon-wit";"XENON SMART";"Xenon X7201 Full HD wifi-babyfoon met huildetectie en slaapliedjes";"wifi babyfoon full hd";"4";"uniek";"Hoe veilig is een wifi-babyfoon?";"Gebruik een sterk wachtwoord, een goed beveiligd wifi-netwerk (WPA2 of WPA3) en houd de app bijgewerkt. Deel je inloggegevens niet en zet de camera uit als je hem niet gebruikt."
"xenon-x7201-full-hd-wifi-babyfoon-wit";"https://smartsgadgets.eu/products/xenon-x7201-full-hd-wifi-babyfoon-wit";"XENON SMART";"Xenon X7201 Full HD wifi-babyfoon met huildetectie en slaapliedjes";"wifi babyfoon full hd";"5";"uniek";"Heb ik wifi nodig voor de X7201?";"Ja, de X7201 is een wifi-babyfoon. Zonder wifi werkt de app-functionaliteit niet. Zorg voor een stabiele verbinding in de babykamer."
"xenon-x7201-full-hd-wifi-babyfoon-wit";"https://smartsgadgets.eu/products/xenon-x7201-full-hd-wifi-babyfoon-wit";"XENON SMART";"Xenon X7201 Full HD wifi-babyfoon met huildetectie en slaapliedjes";"wifi babyfoon full hd";"6";"standaard";"Hoe snel kan ik de Xenon X7201 bezorgd krijgen en kan ik hem retourneren?";"Wij leveren in Nederland en België. Bestel je op werkdagen vóór 17:00 uur, dan verwerken we je bestelling dezelfde dag en ontvang je de Xenon X7201 meestal binnen 1 tot 3 werkdagen, met track-and-trace. Na ontvangst heb je 14 dagen bedenktijd (wettelijk herroepingsrecht). Je hebt recht op wettelijke garantie. Mail bij vragen of een defect naar info@smartsgadgets.eu of bel/app +31 (0)85 250 0837; we reageren binnen 1 werkdag."
"xenon-smart-x6850-draagbare-lamp-bluetooth-speaker";"https://smartsgadgets.eu/products/xenon-smart-x6850-draagbare-lamp-bluetooth-speaker";"XENON SMART";"Xenon X6850 draagbare lantaarn met Bluetooth-speaker en RGB-verlichting";"lamp met bluetooth speaker voor camping";"1";"uniek";"Wat is de Xenon X6850?";"De Xenon X6850 is een draagbare lantaarn die 360°-geluid combineert met dynamische RGB-verlichting. Hij is geschikt voor kamperen, de tuin en als nachtlampje met muziek."
"xenon-smart-x6850-draagbare-lamp-bluetooth-speaker";"https://smartsgadgets.eu/products/xenon-smart-x6850-draagbare-lamp-bluetooth-speaker";"XENON SMART";"Xenon X6850 draagbare lantaarn met Bluetooth-speaker en RGB-verlichting";"lamp met bluetooth speaker voor camping";"2";"uniek";"Hoe lang gaat de accu van de X6850 mee?";"Tot 60 uur op één lading. De werkelijke duur hangt af van het volume en de lichtstand: lager volume en minder helder licht betekenen een langere speeltijd."
"xenon-smart-x6850-draagbare-lamp-bluetooth-speaker";"https://smartsgadgets.eu/products/xenon-smart-x6850-draagbare-lamp-bluetooth-speaker";"XENON SMART";"Xenon X6850 draagbare lantaarn met Bluetooth-speaker en RGB-verlichting";"lamp met bluetooth speaker voor camping";"3";"uniek";"Welke Bluetooth-versie heeft de X6850?";"Bluetooth 5.4, voor een stabiele verbinding met telefoon of tablet en een goed bereik."
"xenon-smart-x6850-draagbare-lamp-bluetooth-speaker";"https://smartsgadgets.eu/products/xenon-smart-x6850-draagbare-lamp-bluetooth-speaker";"XENON SMART";"Xenon X6850 draagbare lantaarn met Bluetooth-speaker en RGB-verlichting";"lamp met bluetooth speaker voor camping";"4";"uniek";"Is de X6850 geschikt voor camping en buiten?";"Ja, de lantaarn is bedoeld voor kamperen en tuingebruik. Controleer de handleiding voor water- en stofbescherming en laat hem niet in de regen staan als dat niet vermeld is."
"xenon-smart-x6850-draagbare-lamp-bluetooth-speaker";"https://smartsgadgets.eu/products/xenon-smart-x6850-draagbare-lamp-bluetooth-speaker";"XENON SMART";"Xenon X6850 draagbare lantaarn met Bluetooth-speaker en RGB-verlichting";"lamp met bluetooth speaker voor camping";"5";"uniek";"Kan ik de lichtkleuren aanpassen?";"Ja, de X6850 heeft dynamische RGB-verlichting. Zo maak je van de lantaarn een kleurrijke feestlamp of een zachte sfeerlamp."
"xenon-smart-x6850-draagbare-lamp-bluetooth-speaker";"https://smartsgadgets.eu/products/xenon-smart-x6850-draagbare-lamp-bluetooth-speaker";"XENON SMART";"Xenon X6850 draagbare lantaarn met Bluetooth-speaker en RGB-verlichting";"lamp met bluetooth speaker voor camping";"6";"standaard";"Hoe snel kan ik de Xenon X6850 bezorgd krijgen en kan ik hem retourneren?";"Wij leveren in Nederland en België. Bestel je op werkdagen vóór 17:00 uur, dan verwerken we je bestelling dezelfde dag en ontvang je de Xenon X6850 meestal binnen 1 tot 3 werkdagen, met track-and-trace. Na ontvangst heb je 14 dagen bedenktijd (wettelijk herroepingsrecht). Je hebt recht op wettelijke garantie. Mail bij vragen of een defect naar info@smartsgadgets.eu of bel/app +31 (0)85 250 0837; we reageren binnen 1 werkdag."
"xenon-smart-x6840-automatische-zeepdispenser";"https://smartsgadgets.eu/products/xenon-smart-x6840-automatische-zeepdispenser";"XENON SMART";"Xenon X6840 automatische zeepdispenser RVS 300 ml met sensor";"automatische zeepdispenser met sensor";"1";"uniek";"Wat is de Xenon X6840 automatische zeepdispenser?";"De Xenon X6840 is een contactloze zeepdispenser met sensor, gemaakt van hoogwaardig 304 roestvrij staal. Hij heeft een inhoud van 300 ml, werkt zonder aanraking en is geschikt voor keuken en badkamer."
"xenon-smart-x6840-automatische-zeepdispenser";"https://smartsgadgets.eu/products/xenon-smart-x6840-automatische-zeepdispenser";"XENON SMART";"Xenon X6840 automatische zeepdispenser RVS 300 ml met sensor";"automatische zeepdispenser met sensor";"2";"uniek";"Hoe werkt de sensor van de X6840?";"Je houdt je hand onder de uitloop en de dispenser doseert automatisch zeep, zonder dat je de pomp aanraakt. Dat is hygiënischer, vooral in een druk gezin of keuken."
"xenon-smart-x6840-automatische-zeepdispenser";"https://smartsgadgets.eu/products/xenon-smart-x6840-automatische-zeepdispenser";"XENON SMART";"Xenon X6840 automatische zeepdispenser RVS 300 ml met sensor";"automatische zeepdispenser met sensor";"3";"uniek";"Hoe laad ik de X6840 op?";"De X6840 is USB-oplaadbaar. Je hoeft dus geen batterijen te vervangen; laad hem op volgens de handleiding."
"xenon-smart-x6840-automatische-zeepdispenser";"https://smartsgadgets.eu/products/xenon-smart-x6840-automatische-zeepdispenser";"XENON SMART";"Xenon X6840 automatische zeepdispenser RVS 300 ml met sensor";"automatische zeepdispenser met sensor";"4";"uniek";"Wat betekent IPX5?";"IPX5 betekent dat de dispenser bestand is tegen spatwater en waterstralen, bijvoorbeeld bij gebruik naast een gootsteen. Onderdompelen in water kan niet."
"xenon-smart-x6840-automatische-zeepdispenser";"https://smartsgadgets.eu/products/xenon-smart-x6840-automatische-zeepdispenser";"XENON SMART";"Xenon X6840 automatische zeepdispenser RVS 300 ml met sensor";"automatische zeepdispenser met sensor";"5";"uniek";"Kan ik de X6840 aan de muur hangen?";"Ja, je kunt de X6840 zowel aan de wand monteren als op tafel of aanrecht zetten. Zo past hij op elke plek in je keuken of badkamer."
"xenon-smart-x6840-automatische-zeepdispenser";"https://smartsgadgets.eu/products/xenon-smart-x6840-automatische-zeepdispenser";"XENON SMART";"Xenon X6840 automatische zeepdispenser RVS 300 ml met sensor";"automatische zeepdispenser met sensor";"6";"standaard";"Hoe snel kan ik de Xenon X6840 bezorgd krijgen en kan ik hem retourneren?";"Wij leveren in Nederland en België. Bestel je op werkdagen vóór 17:00 uur, dan verwerken we je bestelling dezelfde dag en ontvang je de Xenon X6840 meestal binnen 1 tot 3 werkdagen, met track-and-trace. Na ontvangst heb je 14 dagen bedenktijd (wettelijk herroepingsrecht). Je hebt recht op wettelijke garantie. Mail bij vragen of een defect naar info@smartsgadgets.eu of bel/app +31 (0)85 250 0837; we reageren binnen 1 werkdag."
"xenon-smart-x6833-ultieme-precisie-schroevendraaierset";"https://smartsgadgets.eu/products/xenon-smart-x6833-ultieme-precisie-schroevendraaierset";"XENON SMART";"Xenon X6833 ultieme precisie schroevendraaierset 153-delig";"precisie schroevendraaierset 153-delig";"1";"uniek";"Wat zit er in de Xenon X6833 schroevendraaierset?";"De Xenon X6833 is een precisie schroevendraaierset van 153 onderdelen met 140 bits en 3 koppelniveaus. Daarmee open je smartphones, laptops, consoles, brillen en andere kleine elektronica."
"xenon-smart-x6833-ultieme-precisie-schroevendraaierset";"https://smartsgadgets.eu/products/xenon-smart-x6833-ultieme-precisie-schroevendraaierset";"XENON SMART";"Xenon X6833 ultieme precisie schroevendraaierset 153-delig";"precisie schroevendraaierset 153-delig";"2";"uniek";"Waarvoor gebruik ik een precisieschroevendraaierset?";"Je gebruikt hem voor het openen en repareren van elektronica, zoals het vervangen van een accu in een telefoon, het schoonmaken van een laptop of het repareren van een bril of horloge."
"xenon-smart-x6833-ultieme-precisie-schroevendraaierset";"https://smartsgadgets.eu/products/xenon-smart-x6833-ultieme-precisie-schroevendraaierset";"XENON SMART";"Xenon X6833 ultieme precisie schroevendraaierset 153-delig";"precisie schroevendraaierset 153-delig";"3";"uniek";"Wat zijn koppelniveaus en waarom zijn ze belangrijk?";"Een koppelniveau bepaalt hoe hard een schroef wordt aangedraaid. Bij kleine schroefjes voorkom je daarmee afbreken of beschadigen. De X6833 heeft 3 koppelniveaus."
"xenon-smart-x6833-ultieme-precisie-schroevendraaierset";"https://smartsgadgets.eu/products/xenon-smart-x6833-ultieme-precisie-schroevendraaierset";"XENON SMART";"Xenon X6833 ultieme precisie schroevendraaierset 153-delig";"precisie schroevendraaierset 153-delig";"4";"uniek";"Past de set op mijn telefoon, laptop of console?";"Met 140 bits dek je veel schroeftypen af. Controleer altijd welke schroefkop jouw apparaat gebruikt en pak de juiste bit."
"xenon-smart-x6833-ultieme-precisie-schroevendraaierset";"https://smartsgadgets.eu/products/xenon-smart-x6833-ultieme-precisie-schroevendraaierset";"XENON SMART";"Xenon X6833 ultieme precisie schroevendraaierset 153-delig";"precisie schroevendraaierset 153-delig";"5";"uniek";"Wat is het verschil tussen de X6833 en de X6832?";"De X6833 is de uitgebreide set (153 onderdelen, 140 bits, 3 koppelniveaus). De X6832 is een oplaadbare set van 68 onderdelen met 5 koppelniveaus en S2-staal. Kies de X6833 voor maximale bitkeuze, de X6832 voor fijnere regeling."
"xenon-smart-x6833-ultieme-precisie-schroevendraaierset";"https://smartsgadgets.eu/products/xenon-smart-x6833-ultieme-precisie-schroevendraaierset";"XENON SMART";"Xenon X6833 ultieme precisie schroevendraaierset 153-delig";"precisie schroevendraaierset 153-delig";"6";"standaard";"Hoe snel kan ik de Xenon X6833 bezorgd krijgen en kan ik hem retourneren?";"Wij leveren in Nederland en België. Bestel je op werkdagen vóór 17:00 uur, dan verwerken we je bestelling dezelfde dag en ontvang je de Xenon X6833 meestal binnen 1 tot 3 werkdagen, met track-and-trace. Na ontvangst heb je 14 dagen bedenktijd (wettelijk herroepingsrecht). Je hebt recht op wettelijke garantie. Mail bij vragen of een defect naar info@smartsgadgets.eu of bel/app +31 (0)85 250 0837; we reageren binnen 1 werkdag."
"xenon-smart-x6832-elektrische-precisie-schroevendraaierset";"https://smartsgadgets.eu/products/xenon-smart-x6832-elektrische-precisie-schroevendraaierset";"XENON SMART";"Xenon X6832 oplaadbare elektrische precisie schroevendraaierset 68-delig";"elektrische precisie schroevendraaierset";"1";"uniek";"Wat is de Xenon X6832 elektrische precisieschroevendraaier?";"De Xenon X6832 is een oplaadbare, elektrische precisie schroevendraaierset van 68 onderdelen met 5 koppelniveaus en bits van S2-staal. Hij is gemaakt voor klein reparatiewerk aan elektronica."
"xenon-smart-x6832-elektrische-precisie-schroevendraaierset";"https://smartsgadgets.eu/products/xenon-smart-x6832-elektrische-precisie-schroevendraaierset";"XENON SMART";"Xenon X6832 oplaadbare elektrische precisie schroevendraaierset 68-delig";"elektrische precisie schroevendraaierset";"2";"uniek";"Waarom is S2-staal handig?";"S2-gereedschapsstaal is bekend om zijn hardheid en slijtvastheid, waardoor bits langer scherp blijven en minder snel uitslijten."
"xenon-smart-x6832-elektrische-precisie-schroevendraaierset";"https://smartsgadgets.eu/products/xenon-smart-x6832-elektrische-precisie-schroevendraaierset";"XENON SMART";"Xenon X6832 oplaadbare elektrische precisie schroevendraaierset 68-delig";"elektrische precisie schroevendraaierset";"3";"uniek";"Wat betekenen 5 koppelniveaus?";"Je stelt in hoe krachtig de schroevendraaier aandraait, van heel licht voor kleine schroefjes tot steviger voor grotere. Zo voorkom je beschadiging."
"xenon-smart-x6832-elektrische-precisie-schroevendraaierset";"https://smartsgadgets.eu/products/xenon-smart-x6832-elektrische-precisie-schroevendraaierset";"XENON SMART";"Xenon X6832 oplaadbare elektrische precisie schroevendraaierset 68-delig";"elektrische precisie schroevendraaierset";"4";"uniek";"Voor welke reparaties is de X6832 geschikt?";"Voor het openen van telefoons, tablets, laptops, camera's en kleine apparaten. Controleer de schroefkop van je apparaat en pak de juiste bit."
"xenon-smart-x6832-elektrische-precisie-schroevendraaierset";"https://smartsgadgets.eu/products/xenon-smart-x6832-elektrische-precisie-schroevendraaierset";"XENON SMART";"Xenon X6832 oplaadbare elektrische precisie schroevendraaierset 68-delig";"elektrische precisie schroevendraaierset";"5";"uniek";"Hoe laad ik de X6832 op?";"De schroevendraaier is oplaadbaar, zodat je geen batterijen nodig hebt. Volg de handleiding voor oplaadtijd en gebruik."
"xenon-smart-x6832-elektrische-precisie-schroevendraaierset";"https://smartsgadgets.eu/products/xenon-smart-x6832-elektrische-precisie-schroevendraaierset";"XENON SMART";"Xenon X6832 oplaadbare elektrische precisie schroevendraaierset 68-delig";"elektrische precisie schroevendraaierset";"6";"standaard";"Hoe snel kan ik de Xenon X6832 bezorgd krijgen en kan ik hem retourneren?";"Wij leveren in Nederland en België. Bestel je op werkdagen vóór 17:00 uur, dan verwerken we je bestelling dezelfde dag en ontvang je de Xenon X6832 meestal binnen 1 tot 3 werkdagen, met track-and-trace. Na ontvangst heb je 14 dagen bedenktijd (wettelijk herroepingsrecht). Je hebt recht op wettelijke garantie. Mail bij vragen of een defect naar info@smartsgadgets.eu of bel/app +31 (0)85 250 0837; we reageren binnen 1 werkdag."
"xenon-smart-x6801-draagbaar-power-station-88w-24000mah";"https://smartsgadgets.eu/products/xenon-smart-x6801-draagbaar-power-station-88w-24000mah";"XENON SMART";"Xenon X6801 draagbaar power station 88 W, 24.000 mAh, solar-ready";"draagbaar power station 24000mah";"1";"uniek";"Wat is de Xenon X6801 power station?";"De Xenon X6801 is een compact, draagbaar power station met 24.000 mAh capaciteit en 88 W uitvoervermogen, geschikt voor smartphones tot laptops. Het heeft USB-C Power Delivery en meervoudige beveiliging."
"xenon-smart-x6801-draagbaar-power-station-88w-24000mah";"https://smartsgadgets.eu/products/xenon-smart-x6801-draagbaar-power-station-88w-24000mah";"XENON SMART";"Xenon X6801 draagbaar power station 88 W, 24.000 mAh, solar-ready";"draagbaar power station 24000mah";"2";"uniek";"Welke apparaten kan ik opladen met de X6801?";"Je kunt meerdere apparaten tegelijk opladen, van smartphones en tablets tot laptops die USB-C Power Delivery ondersteunen. Dit is geen groot power station voor huishoudelijke apparaten zoals een koelkast: kijk daarvoor naar een station met veel hoger vermogen."
"xenon-smart-x6801-draagbaar-power-station-88w-24000mah";"https://smartsgadgets.eu/products/xenon-smart-x6801-draagbaar-power-station-88w-24000mah";"XENON SMART";"Xenon X6801 draagbaar power station 88 W, 24.000 mAh, solar-ready";"draagbaar power station 24000mah";"3";"uniek";"Mag ik de X6801 mee in het vliegtuig nemen?";"Powerbanks tot 100 Wh mogen in de handbagage, maar nooit in de ruimbagage. Bij 3,6 tot 3,7 V is 24.000 mAh ongeveer 86 tot 89 Wh. Controleer het label en de regels van je maatschappij: volgens recente richtlijnen (ICAO/IATA, maart 2026) mag je maximaal twee powerbanks meenemen en is opladen tijdens de vlucht niet toegestaan."
"xenon-smart-x6801-draagbaar-power-station-88w-24000mah";"https://smartsgadgets.eu/products/xenon-smart-x6801-draagbaar-power-station-88w-24000mah";"XENON SMART";"Xenon X6801 draagbaar power station 88 W, 24.000 mAh, solar-ready";"draagbaar power station 24000mah";"4";"uniek";"Wat betekent solar-ready?";"Solar-ready betekent dat je het power station kunt opladen met een zonnepaneel. Het paneel is los verkrijgbaar. Dat is handig voor kamperen en off-grid gebruik."
"xenon-smart-x6801-draagbaar-power-station-88w-24000mah";"https://smartsgadgets.eu/products/xenon-smart-x6801-draagbaar-power-station-88w-24000mah";"XENON SMART";"Xenon X6801 draagbaar power station 88 W, 24.000 mAh, solar-ready";"draagbaar power station 24000mah";"5";"uniek";"Welke beveiligingen heeft de Xenon X6801?";"Het power station heeft een EV-grade lithium-ion accu en meervoudige beveiligingscircuits tegen overbelasting, kortsluiting en oververhitting. Gebruik altijd de juiste kabels en laad niet op onder dekens of in de zon."
"xenon-smart-x6801-draagbaar-power-station-88w-24000mah";"https://smartsgadgets.eu/products/xenon-smart-x6801-draagbaar-power-station-88w-24000mah";"XENON SMART";"Xenon X6801 draagbaar power station 88 W, 24.000 mAh, solar-ready";"draagbaar power station 24000mah";"6";"standaard";"Hoe snel kan ik de Xenon X6801 bezorgd krijgen en kan ik hem retourneren?";"Wij leveren in Nederland en België. Bestel je op werkdagen vóór 17:00 uur, dan verwerken we je bestelling dezelfde dag en ontvang je de Xenon X6801 meestal binnen 1 tot 3 werkdagen, met track-and-trace. Na ontvangst heb je 14 dagen bedenktijd (wettelijk herroepingsrecht). Je hebt recht op wettelijke garantie. Mail bij vragen of een defect naar info@smartsgadgets.eu of bel/app +31 (0)85 250 0837; we reageren binnen 1 werkdag."
"xenon-smart-x6703-m1-waterbestendige-bluetooth-speaker";"https://smartsgadgets.eu/products/xenon-smart-x6703-m1-waterbestendige-bluetooth-speaker";"XENON SMART";"Xenon X6703_M1 waterbestendige Bluetooth-speaker IPX6, 24 uur";"waterdichte bluetooth speaker";"1";"uniek";"Wat is de Xenon X6703_M1?";"De Xenon X6703_M1 is een waterbestendige draagbare Bluetooth-speaker (IPX6) van 222 gram met een driver van 43 mm, TWS-koppeling en tot 24 uur speeltijd."
"xenon-smart-x6703-m1-waterbestendige-bluetooth-speaker";"https://smartsgadgets.eu/products/xenon-smart-x6703-m1-waterbestendige-bluetooth-speaker";"XENON SMART";"Xenon X6703_M1 waterbestendige Bluetooth-speaker IPX6, 24 uur";"waterdichte bluetooth speaker";"2";"uniek";"Wat betekent IPX6?";"IPX6 betekent dat de speaker bestand is tegen krachtige waterstralen en dus tegen regen en spatwater, bijvoorbeeld in de douche of aan het zwembad. Onderdompelen in water is niet de bedoeling; daarvoor heb je IPX7 of hoger nodig."
"xenon-smart-x6703-m1-waterbestendige-bluetooth-speaker";"https://smartsgadgets.eu/products/xenon-smart-x6703-m1-waterbestendige-bluetooth-speaker";"XENON SMART";"Xenon X6703_M1 waterbestendige Bluetooth-speaker IPX6, 24 uur";"waterdichte bluetooth speaker";"3";"uniek";"Hoe lang speelt de X6703_M1 op één lading?";"Tot 24 uur op één lading, afhankelijk van volume en gebruik."
"xenon-smart-x6703-m1-waterbestendige-bluetooth-speaker";"https://smartsgadgets.eu/products/xenon-smart-x6703-m1-waterbestendige-bluetooth-speaker";"XENON SMART";"Xenon X6703_M1 waterbestendige Bluetooth-speaker IPX6, 24 uur";"waterdichte bluetooth speaker";"4";"uniek";"Kan ik twee speakers koppelen voor stereogeluid?";"Ja, de speaker ondersteunt TWS (True Wireless Stereo). Je koppelt twee compatibele speakers voor stereo of een groter geluidsbeeld."
"xenon-smart-x6703-m1-waterbestendige-bluetooth-speaker";"https://smartsgadgets.eu/products/xenon-smart-x6703-m1-waterbestendige-bluetooth-speaker";"XENON SMART";"Xenon X6703_M1 waterbestendige Bluetooth-speaker IPX6, 24 uur";"waterdichte bluetooth speaker";"5";"uniek";"Is de X6703_M1 geschikt om mee te nemen?";"Met slechts 222 gram past hij makkelijk in een tas of rugzak, ideaal voor strand, fietstocht of camping."
"xenon-smart-x6703-m1-waterbestendige-bluetooth-speaker";"https://smartsgadgets.eu/products/xenon-smart-x6703-m1-waterbestendige-bluetooth-speaker";"XENON SMART";"Xenon X6703_M1 waterbestendige Bluetooth-speaker IPX6, 24 uur";"waterdichte bluetooth speaker";"6";"standaard";"Hoe snel kan ik de Xenon X6703_M1 bezorgd krijgen en kan ik hem retourneren?";"Wij leveren in Nederland en België. Bestel je op werkdagen vóór 17:00 uur, dan verwerken we je bestelling dezelfde dag en ontvang je de Xenon X6703_M1 meestal binnen 1 tot 3 werkdagen, met track-and-trace. Na ontvangst heb je 14 dagen bedenktijd (wettelijk herroepingsrecht). Je hebt recht op wettelijke garantie. Mail bij vragen of een defect naar info@smartsgadgets.eu of bel/app +31 (0)85 250 0837; we reageren binnen 1 werkdag."
"xenon-smart-x6702-compacte-bluetooth-speaker-rgb-tws-zwart";"https://smartsgadgets.eu/products/xenon-smart-x6702-compacte-bluetooth-speaker-rgb-tws-zwart";"XENON SMART";"Xenon X6702 compacte Bluetooth-speaker met RGB en TWS";"compacte bluetooth speaker met rgb licht";"1";"uniek";"Wat is de Xenon X6702?";"De Xenon X6702 is een compacte Bluetooth-speaker met twee drivers van 52 mm, 80 dB geluidsdruk, RGB-verlichting en TWS-koppeling. Hij is draagbaar en past bij feestjes en dagelijks gebruik."
"xenon-smart-x6702-compacte-bluetooth-speaker-rgb-tws-zwart";"https://smartsgadgets.eu/products/xenon-smart-x6702-compacte-bluetooth-speaker-rgb-tws-zwart";"XENON SMART";"Xenon X6702 compacte Bluetooth-speaker met RGB en TWS";"compacte bluetooth speaker met rgb licht";"2";"uniek";"Hoe luid is de X6702?";"De speaker haalt 80 dB, genoeg voor een kamer, balkon of klein feestje. Twee drivers van 52 mm zorgen voor vol geluid."
"xenon-smart-x6702-compacte-bluetooth-speaker-rgb-tws-zwart";"https://smartsgadgets.eu/products/xenon-smart-x6702-compacte-bluetooth-speaker-rgb-tws-zwart";"XENON SMART";"Xenon X6702 compacte Bluetooth-speaker met RGB en TWS";"compacte bluetooth speaker met rgb licht";"3";"uniek";"Hoe werken de RGB-lichten?";"De RGB-verlichting geeft kleurrijke lichteffecten bij je muziek. Raadpleeg de handleiding om standen te wisselen of uit te zetten."
"xenon-smart-x6702-compacte-bluetooth-speaker-rgb-tws-zwart";"https://smartsgadgets.eu/products/xenon-smart-x6702-compacte-bluetooth-speaker-rgb-tws-zwart";"XENON SMART";"Xenon X6702 compacte Bluetooth-speaker met RGB en TWS";"compacte bluetooth speaker met rgb licht";"4";"uniek";"Kan ik twee X6702's koppelen?";"Ja, met TWS koppel je twee speakers voor stereogeluid."
"xenon-smart-x6702-compacte-bluetooth-speaker-rgb-tws-zwart";"https://smartsgadgets.eu/products/xenon-smart-x6702-compacte-bluetooth-speaker-rgb-tws-zwart";"XENON SMART";"Xenon X6702 compacte Bluetooth-speaker met RGB en TWS";"compacte bluetooth speaker met rgb licht";"5";"uniek";"Is de X6702 een goede keuze naast de X6701 en X6703_M1?";"De X6702 is de compacte keuze met twee drivers en RGB. De X6701 is krachtiger (20 W) en de X6703_M1 is waterbestendig (IPX6). Kies op basis van je gebruik."
"xenon-smart-x6702-compacte-bluetooth-speaker-rgb-tws-zwart";"https://smartsgadgets.eu/products/xenon-smart-x6702-compacte-bluetooth-speaker-rgb-tws-zwart";"XENON SMART";"Xenon X6702 compacte Bluetooth-speaker met RGB en TWS";"compacte bluetooth speaker met rgb licht";"6";"standaard";"Hoe snel kan ik de Xenon X6702 bezorgd krijgen en kan ik hem retourneren?";"Wij leveren in Nederland en België. Bestel je op werkdagen vóór 17:00 uur, dan verwerken we je bestelling dezelfde dag en ontvang je de Xenon X6702 meestal binnen 1 tot 3 werkdagen, met track-and-trace. Na ontvangst heb je 14 dagen bedenktijd (wettelijk herroepingsrecht). Je hebt recht op wettelijke garantie. Mail bij vragen of een defect naar info@smartsgadgets.eu of bel/app +31 (0)85 250 0837; we reageren binnen 1 werkdag."
"xenon-smart-x6701-draagbare-bluetooth-speaker";"https://smartsgadgets.eu/products/xenon-smart-x6701-draagbare-bluetooth-speaker";"XENON SMART";"Xenon X6701 draagbare Bluetooth-speaker 20 W met RGB en TWS";"bluetooth speaker 20 watt";"1";"uniek";"Wat is de Xenon X6701?";"De Xenon X6701 is een draagbare Bluetooth-speaker met 20 W vermogen, een driver van 57 mm, RGB-verlichting en TWS-koppeling. Hij is krachtiger dan een standaard compacte speaker."
"xenon-smart-x6701-draagbare-bluetooth-speaker";"https://smartsgadgets.eu/products/xenon-smart-x6701-draagbare-bluetooth-speaker";"XENON SMART";"Xenon X6701 draagbare Bluetooth-speaker 20 W met RGB en TWS";"bluetooth speaker 20 watt";"2";"uniek";"Hoe krachtig is een speaker van 20 W?";"20 W is ruim voldoende voor een woonkamer, terras of tuinfeestje. Het geluid blijft helder bij hoger volume."
"xenon-smart-x6701-draagbare-bluetooth-speaker";"https://smartsgadgets.eu/products/xenon-smart-x6701-draagbare-bluetooth-speaker";"XENON SMART";"Xenon X6701 draagbare Bluetooth-speaker 20 W met RGB en TWS";"bluetooth speaker 20 watt";"3";"uniek";"Kan ik de X6701 koppelen met een tweede speaker?";"Ja, via TWS koppel je twee X6701-speakers voor stereogeluid."
"xenon-smart-x6701-draagbare-bluetooth-speaker";"https://smartsgadgets.eu/products/xenon-smart-x6701-draagbare-bluetooth-speaker";"XENON SMART";"Xenon X6701 draagbare Bluetooth-speaker 20 W met RGB en TWS";"bluetooth speaker 20 watt";"4";"uniek";"Hebben de RGB-lichten effect op de accuduur?";"Het licht gebruikt extra energie. Zet de verlichting uit voor langere speeltijd."
"xenon-smart-x6701-draagbare-bluetooth-speaker";"https://smartsgadgets.eu/products/xenon-smart-x6701-draagbare-bluetooth-speaker";"XENON SMART";"Xenon X6701 draagbare Bluetooth-speaker 20 W met RGB en TWS";"bluetooth speaker 20 watt";"5";"uniek";"Wat is het verschil tussen de X6701, X6702 en X6703_M1?";"De X6701 heeft het hoogste vermogen (20 W), de X6702 is compact met twee drivers en de X6703_M1 is waterbestendig (IPX6) met 24 uur speeltijd."
"xenon-smart-x6701-draagbare-bluetooth-speaker";"https://smartsgadgets.eu/products/xenon-smart-x6701-draagbare-bluetooth-speaker";"XENON SMART";"Xenon X6701 draagbare Bluetooth-speaker 20 W met RGB en TWS";"bluetooth speaker 20 watt";"6";"standaard";"Hoe snel kan ik de Xenon X6701 bezorgd krijgen en kan ik hem retourneren?";"Wij leveren in Nederland en België. Bestel je op werkdagen vóór 17:00 uur, dan verwerken we je bestelling dezelfde dag en ontvang je de Xenon X6701 meestal binnen 1 tot 3 werkdagen, met track-and-trace. Na ontvangst heb je 14 dagen bedenktijd (wettelijk herroepingsrecht). Je hebt recht op wettelijke garantie. Mail bij vragen of een defect naar info@smartsgadgets.eu of bel/app +31 (0)85 250 0837; we reageren binnen 1 werkdag."
"xenon-smart-x6608-magsafe-wallet-find-my-stand-traceerbaar";"https://smartsgadgets.eu/products/xenon-smart-x6608-magsafe-wallet-find-my-stand-traceerbaar";"XENON SMART";"Xenon X6608 MagSafe-portemonnee met Find My en standaard";"magsafe portemonnee met find my";"1";"uniek";"Wat is de Xenon X6608 MagSafe-portemonnee?";"De Xenon X6608 is een slanke MagSafe-pasjeshouder met Apple Zoek mijn-integratie, een uitklapbare standaard en RFID-bescherming. Hij blijft magnetisch aan je iPhone zitten."
"xenon-smart-x6608-magsafe-wallet-find-my-stand-traceerbaar";"https://smartsgadgets.eu/products/xenon-smart-x6608-magsafe-wallet-find-my-stand-traceerbaar";"XENON SMART";"Xenon X6608 MagSafe-portemonnee met Find My en standaard";"magsafe portemonnee met find my";"2";"uniek";"Hoe werkt Zoek mijn (Find My) in de portemonnee?";"Via het Zoek mijn-netwerk van Apple kun je de portemonnee terugvinden als je hem kwijt bent. Dit werkt met een iPhone en Apple-account."
"xenon-smart-x6608-magsafe-wallet-find-my-stand-traceerbaar";"https://smartsgadgets.eu/products/xenon-smart-x6608-magsafe-wallet-find-my-stand-traceerbaar";"XENON SMART";"Xenon X6608 MagSafe-portemonnee met Find My en standaard";"magsafe portemonnee met find my";"3";"uniek";"Past de X6608 op alle iPhones?";"MagSafe werkt op iPhones met MagSafe, zoals de iPhone 12 en nieuwer. Controleer de exacte compatibiliteit voor jouw model."
"xenon-smart-x6608-magsafe-wallet-find-my-stand-traceerbaar";"https://smartsgadgets.eu/products/xenon-smart-x6608-magsafe-wallet-find-my-stand-traceerbaar";"XENON SMART";"Xenon X6608 MagSafe-portemonnee met Find My en standaard";"magsafe portemonnee met find my";"4";"uniek";"Wat doet de uitklapbare standaard?";"De standaard zet je iPhone rechtop neer, handig voor video's, FaceTime of foto's. Zo heb je je handen vrij."
"xenon-smart-x6608-magsafe-wallet-find-my-stand-traceerbaar";"https://smartsgadgets.eu/products/xenon-smart-x6608-magsafe-wallet-find-my-stand-traceerbaar";"XENON SMART";"Xenon X6608 MagSafe-portemonnee met Find My en standaard";"magsafe portemonnee met find my";"5";"uniek";"Wat is RFID-bescherming?";"RFID-bescherming helpt voorkomen dat je pasjes onopgemerkt worden uitgelezen. Het is een extra beveiligingslaag voor je betaalpassen."
"xenon-smart-x6608-magsafe-wallet-find-my-stand-traceerbaar";"https://smartsgadgets.eu/products/xenon-smart-x6608-magsafe-wallet-find-my-stand-traceerbaar";"XENON SMART";"Xenon X6608 MagSafe-portemonnee met Find My en standaard";"magsafe portemonnee met find my";"6";"standaard";"Hoe snel kan ik de Xenon X6608 bezorgd krijgen en kan ik hem retourneren?";"Wij leveren in Nederland en België. Bestel je op werkdagen vóór 17:00 uur, dan verwerken we je bestelling dezelfde dag en ontvang je de Xenon X6608 meestal binnen 1 tot 3 werkdagen, met track-and-trace. Na ontvangst heb je 14 dagen bedenktijd (wettelijk herroepingsrecht). Je hebt recht op wettelijke garantie. Mail bij vragen of een defect naar info@smartsgadgets.eu of bel/app +31 (0)85 250 0837; we reageren binnen 1 werkdag."
"xenon-smart-x6301-dierenverzorgingsset-trimmen-stofzuiger-5-in-1";"https://smartsgadgets.eu/products/xenon-smart-x6301-dierenverzorgingsset-trimmen-stofzuiger-5-in-1";"XENON SMART";"Xenon X6301 5-in-1 dierenverzorgingsset met trimmer en stofzuiger";"hondentrimmer met stofzuiger";"1";"uniek";"Wat is de Xenon X6301 dierenverzorgingsset?";"De Xenon X6301 is een 5-in-1 dierenverzorgingsset voor honden en katten. Hij combineert krachtig trimmen met een vacuümsysteem dat losse haren direct opvangt in een opvangbak."
"xenon-smart-x6301-dierenverzorgingsset-trimmen-stofzuiger-5-in-1";"https://smartsgadgets.eu/products/xenon-smart-x6301-dierenverzorgingsset-trimmen-stofzuiger-5-in-1";"XENON SMART";"Xenon X6301 5-in-1 dierenverzorgingsset met trimmer en stofzuiger";"hondentrimmer met stofzuiger";"2";"uniek";"Waarom is een trimmer met stofzuiger handig?";"De haren worden tijdens het trimmen meteen opgevangen, zodat ze niet door je huis vliegen. Dat scheelt opruimen en is prettig voor mensen met een allergie."
"xenon-smart-x6301-dierenverzorgingsset-trimmen-stofzuiger-5-in-1";"https://smartsgadgets.eu/products/xenon-smart-x6301-dierenverzorgingsset-trimmen-stofzuiger-5-in-1";"XENON SMART";"Xenon X6301 5-in-1 dierenverzorgingsset met trimmer en stofzuiger";"hondentrimmer met stofzuiger";"3";"uniek";"Voor welke huisdieren is de X6301 geschikt?";"De set is bedoeld voor honden en katten. Begin rustig, laat je dier wennen aan het geluid en trim nooit op een gevoelige of beschadigde huid."
"xenon-smart-x6301-dierenverzorgingsset-trimmen-stofzuiger-5-in-1";"https://smartsgadgets.eu/products/xenon-smart-x6301-dierenverzorgingsset-trimmen-stofzuiger-5-in-1";"XENON SMART";"Xenon X6301 5-in-1 dierenverzorgingsset met trimmer en stofzuiger";"hondentrimmer met stofzuiger";"4";"uniek";"Hoe wen ik mijn hond of kat aan de trimmer?";"Laat je huisdier eerst snuffelen, begin met de trimmer uit, daarna aan op afstand. Beloon rustig gedrag en bouw het stap voor stap op."
"xenon-smart-x6301-dierenverzorgingsset-trimmen-stofzuiger-5-in-1";"https://smartsgadgets.eu/products/xenon-smart-x6301-dierenverzorgingsset-trimmen-stofzuiger-5-in-1";"XENON SMART";"Xenon X6301 5-in-1 dierenverzorgingsset met trimmer en stofzuiger";"hondentrimmer met stofzuiger";"5";"uniek";"Hoe maak ik de X6301 schoon?";"Leeg de opvangbak na gebruik en haal haren uit de opzetstukken. Raadpleeg de handleiding voor reiniging en onderhoud."
"xenon-smart-x6301-dierenverzorgingsset-trimmen-stofzuiger-5-in-1";"https://smartsgadgets.eu/products/xenon-smart-x6301-dierenverzorgingsset-trimmen-stofzuiger-5-in-1";"XENON SMART";"Xenon X6301 5-in-1 dierenverzorgingsset met trimmer en stofzuiger";"hondentrimmer met stofzuiger";"6";"standaard";"Hoe snel kan ik de Xenon X6301 bezorgd krijgen en kan ik hem retourneren?";"Wij leveren in Nederland en België. Bestel je op werkdagen vóór 17:00 uur, dan verwerken we je bestelling dezelfde dag en ontvang je de Xenon X6301 meestal binnen 1 tot 3 werkdagen, met track-and-trace. Na ontvangst heb je 14 dagen bedenktijd (wettelijk herroepingsrecht). Je hebt recht op wettelijke garantie. Mail bij vragen of een defect naar info@smartsgadgets.eu of bel/app +31 (0)85 250 0837; we reageren binnen 1 werkdag."
"xenon-x8650-slimme-drinkfontein-2-8l-app-control";"https://smartsgadgets.eu/products/xenon-x8650-slimme-drinkfontein-2-8l-app-control";"XENON SMART";"Xenon X8650 slimme drinkfontein 2,8 liter met app en filter";"drinkfontein voor kat en hond met app";"1";"uniek";"Wat is de Xenon X8650 drinkfontein?";"De Xenon X8650 is een slimme drinkfontein van 2,8 liter voor katten en honden, met hygiënisch filtersysteem, ultrastille pomp, LED-verlichting en app-gestuurde meldingen. Hij biedt vers, schoon water."
"xenon-x8650-slimme-drinkfontein-2-8l-app-control";"https://smartsgadgets.eu/products/xenon-x8650-slimme-drinkfontein-2-8l-app-control";"XENON SMART";"Xenon X8650 slimme drinkfontein 2,8 liter met app en filter";"drinkfontein voor kat en hond met app";"2";"uniek";"Waarom is een drinkfontein goed voor mijn kat?";"Stromend water stimuleert veel katten om meer te drinken. Dat is goed voor de nieren en urinewegen. Heb je zorgen over het drinkgedrag van je dier, raadpleeg dan je dierenarts."
"xenon-x8650-slimme-drinkfontein-2-8l-app-control";"https://smartsgadgets.eu/products/xenon-x8650-slimme-drinkfontein-2-8l-app-control";"XENON SMART";"Xenon X8650 slimme drinkfontein 2,8 liter met app en filter";"drinkfontein voor kat en hond met app";"3";"uniek";"Hoe vaak moet ik de drinkfontein schoonmaken en het filter vervangen?";"Maak de fontein wekelijks helemaal schoon en ververs het water dagelijks of om de dag. Een koolstoffilter vervang je meestal om de 2 tot 4 weken, sneller bij meerdere dieren of warm weer."
"xenon-x8650-slimme-drinkfontein-2-8l-app-control";"https://smartsgadgets.eu/products/xenon-x8650-slimme-drinkfontein-2-8l-app-control";"XENON SMART";"Xenon X8650 slimme drinkfontein 2,8 liter met app en filter";"drinkfontein voor kat en hond met app";"4";"uniek";"Is de pomp van de X8650 stil?";"Ja, de X8650 heeft een ultrastille pomp, zodat de fontein niet hoeft te storen, ook niet 's nachts."
"xenon-x8650-slimme-drinkfontein-2-8l-app-control";"https://smartsgadgets.eu/products/xenon-x8650-slimme-drinkfontein-2-8l-app-control";"XENON SMART";"Xenon X8650 slimme drinkfontein 2,8 liter met app en filter";"drinkfontein voor kat en hond met app";"5";"uniek";"Wat doen de app en de meldingen?";"De app stuurt je meldingen over de drinkfontein, zodat je ook onderweg weet of alles goed werkt. Welke meldingen er precies zijn, staat in de handleiding en in de app."
"xenon-x8650-slimme-drinkfontein-2-8l-app-control";"https://smartsgadgets.eu/products/xenon-x8650-slimme-drinkfontein-2-8l-app-control";"XENON SMART";"Xenon X8650 slimme drinkfontein 2,8 liter met app en filter";"drinkfontein voor kat en hond met app";"6";"standaard";"Hoe snel kan ik de Xenon X8650 bezorgd krijgen en kan ik hem retourneren?";"Wij leveren in Nederland en België. Bestel je op werkdagen vóór 17:00 uur, dan verwerken we je bestelling dezelfde dag en ontvang je de Xenon X8650 meestal binnen 1 tot 3 werkdagen, met track-and-trace. Na ontvangst heb je 14 dagen bedenktijd (wettelijk herroepingsrecht). Je hebt recht op wettelijke garantie. Mail bij vragen of een defect naar info@smartsgadgets.eu of bel/app +31 (0)85 250 0837; we reageren binnen 1 werkdag."
"xenon-x6602-apple-air-tag-bluetooth-tracker";"https://smartsgadgets.eu/products/xenon-x6602-apple-air-tag-bluetooth-tracker";"XENON SMART";"Xenon X6602 Find My-tracker met 8 maanden batterijduur";"airtag alternatief find my tracker";"1";"uniek";"Wat is de Xenon X6602 tracker?";"De Xenon X6602 is een Bluetooth-tracker die werkt met de Zoek mijn-app (Find My) van Apple. Je gebruikt hem om sleutels, rugzak, koffer of fiets terug te vinden. Volgens de productomschrijving is hij door Apple gelicentieerd."
"xenon-x6602-apple-air-tag-bluetooth-tracker";"https://smartsgadgets.eu/products/xenon-x6602-apple-air-tag-bluetooth-tracker";"XENON SMART";"Xenon X6602 Find My-tracker met 8 maanden batterijduur";"airtag alternatief find my tracker";"2";"uniek";"Werkt de X6602 met iPhone en Android?";"Find My-trackers werken met iPhone en Zoek mijn, niet met Android. Heb je een Android-toestel? Kies dan een tracker die bij jouw ecosysteem past."
"xenon-x6602-apple-air-tag-bluetooth-tracker";"https://smartsgadgets.eu/products/xenon-x6602-apple-air-tag-bluetooth-tracker";"XENON SMART";"Xenon X6602 Find My-tracker met 8 maanden batterijduur";"airtag alternatief find my tracker";"3";"uniek";"Hoe lang gaat de batterij van de X6602 mee?";"Volgens de productomschrijving heeft de X6602 een batterijduur van 8 maanden. Raadpleeg de handleiding over vervangen of opladen."
"xenon-x6602-apple-air-tag-bluetooth-tracker";"https://smartsgadgets.eu/products/xenon-x6602-apple-air-tag-bluetooth-tracker";"XENON SMART";"Xenon X6602 Find My-tracker met 8 maanden batterijduur";"airtag alternatief find my tracker";"4";"uniek";"Wat is het verschil met een Apple AirTag?";"De AirTag heeft Ultra Wideband voor nauwkeurig zoeken; de meeste Find My-trackers van andere merken hebben dat niet. Je vindt ze wel via het Zoek mijn-netwerk."
"xenon-x6602-apple-air-tag-bluetooth-tracker";"https://smartsgadgets.eu/products/xenon-x6602-apple-air-tag-bluetooth-tracker";"XENON SMART";"Xenon X6602 Find My-tracker met 8 maanden batterijduur";"airtag alternatief find my tracker";"5";"uniek";"Hoe stel ik de X6602 in en hoe volg ik mijn spullen?";"Je voegt de tracker toe in de Zoek mijn-app en koppelt hem aan je Apple-account. Daarna zie je de laatst bekende locatie op de kaart. Hoe de tracker precies wordt toegevoegd en of hij een geluid kan afspelen, staat in de handleiding."
"xenon-x6602-apple-air-tag-bluetooth-tracker";"https://smartsgadgets.eu/products/xenon-x6602-apple-air-tag-bluetooth-tracker";"XENON SMART";"Xenon X6602 Find My-tracker met 8 maanden batterijduur";"airtag alternatief find my tracker";"6";"standaard";"Hoe snel kan ik de Xenon X6602 bezorgd krijgen en kan ik hem retourneren?";"Wij leveren in Nederland en België. Bestel je op werkdagen vóór 17:00 uur, dan verwerken we je bestelling dezelfde dag en ontvang je de Xenon X6602 meestal binnen 1 tot 3 werkdagen, met track-and-trace. Na ontvangst heb je 14 dagen bedenktijd (wettelijk herroepingsrecht). Je hebt recht op wettelijke garantie. Mail bij vragen of een defect naar info@smartsgadgets.eu of bel/app +31 (0)85 250 0837; we reageren binnen 1 werkdag."
